ts,side,gap_pct,outcome,pnl_pts,pnl_dollars_net,year,period
2011-01-07,SHORT,0.005732358173551999,1,3.816000000000031,175.80000000000155,2011,pre_t1
2011-01-11,SHORT,0.007533703409992043,1,3.8115000000000236,175.57500000000118,2011,pre_t1
2011-01-12,SHORT,0.006098760574463791,1,3.835499999999911,176.77499999999554,2011,pre_t1
2011-01-21,SHORT,0.006067723624975541,1,3.855000000000018,177.7500000000009,2011,pre_t1
2011-01-26,SHORT,0.00643274853801179,1,3.8722499999998945,178.61249999999472,2011,pre_t1
2011-02-01,SHORT,0.00604170726953801,-1,-5.162000000000035,-273.1000000000017,2011,pre_t1
2011-02-07,SHORT,0.006142034548944242,0,-2.75,-152.5,2011,pre_t1
2011-02-10,LONG,-0.005519604111153376,1,3.918749999999818,180.9374999999909,2011,pre_t1
2011-02-15,LONG,-0.006204173716864103,1,3.9644999999998163,183.2249999999908,2011,pre_t1
2011-03-01,SHORT,0.00737658407414421,1,3.9945000000000164,184.72500000000082,2011,pre_t1
2011-03-02,SHORT,0.00617760617760621,1,3.9090000000001055,180.45000000000528,2011,pre_t1
2011-03-09,LONG,-0.005487228003784317,1,3.94199999999978,182.099999999989,2011,pre_t1
2011-03-15,LONG,-0.027381411492479746,-1,-5.044000000000096,-267.2000000000048,2011,pre_t1
2011-03-18,SHORT,0.012613322822230932,1,3.85349999999994,177.674999999997,2011,pre_t1
2011-03-24,SHORT,0.00560928433268848,1,3.899249999999938,179.9624999999969,2011,pre_t1
2011-04-06,SHORT,0.005083788363773323,1,4.003500000000031,185.17500000000155,2011,pre_t1
2011-04-12,LONG,-0.005303030303030254,-1,-5.251999999999953,-277.59999999999764,2011,pre_t1
2011-04-14,LONG,-0.009541984732824416,1,3.8924999999999272,179.62499999999636,2011,pre_t1
2011-04-18,LONG,-0.011064479206409739,-1,-5.183999999999969,-274.19999999999845,2011,pre_t1
2011-04-20,SHORT,0.007834893942289423,-1,-5.274000000000115,-278.70000000000573,2011,pre_t1
2011-04-27,SHORT,0.006165919282511201,1,4.038749999999936,186.93749999999682,2011,pre_t1
2011-05-05,LONG,-0.005232666791254004,1,3.9922499999997854,184.61249999998927,2011,pre_t1
2011-05-06,SHORT,0.00563274502440847,-1,-5.3559999999999945,-282.7999999999997,2011,pre_t1
2011-05-11,LONG,-0.00553914327917282,1,4.039499999999862,186.9749999999931,2011,pre_t1
2011-05-17,LONG,-0.007722734978338641,1,3.9509999999997945,182.54999999998972,2011,pre_t1
2011-05-20,LONG,-0.006335010247810691,1,3.999749999999949,184.98749999999745,2011,pre_t1
2011-05-23,LONG,-0.012206572769953072,-1,-5.259999999999991,-277.99999999999955,2011,pre_t1
2011-05-26,LONG,-0.010807736063708773,1,3.91274999999996,180.637499999998,2011,pre_t1
2011-05-30,SHORT,0.005284015852047519,1,3.995249999999942,184.7624999999971,2011,pre_t1
2011-06-03,LONG,-0.012006861063464824,1,3.88799999999992,179.399999999996,2011,pre_t1
2011-06-10,LONG,-0.008344653599844709,1,3.8324999999997544,176.62499999998772,2011,pre_t1
2011-06-14,SHORT,0.0051120723554856085,-1,-5.11200000000008,-270.600000000004,2011,pre_t1
2011-06-15,LONG,-0.008575326447086362,1,3.815249999999878,175.7624999999939,2011,pre_t1
2011-06-17,SHORT,0.005521593374087974,1,3.8242499999998927,176.21249999999463,2011,pre_t1
2011-06-21,SHORT,0.00510705165979175,1,3.8377499999999145,176.88749999999573,2011,pre_t1
2011-06-22,LONG,-0.008141112618724522,1,3.8377499999999145,176.88749999999573,2011,pre_t1
2011-06-23,LONG,-0.011700468018720711,-1,-5.067999999999984,-268.3999999999992,2011,pre_t1
2011-06-28,SHORT,0.008272601930273682,1,3.8392499999999927,176.96249999999964,2011,pre_t1
2011-07-07,SHORT,0.00883790898834147,-1,-5.365000000000009,-283.25000000000045,2011,pre_t1
2011-07-08,LONG,-0.011670989255279762,1,4.0012499999998,185.06249999999,2011,pre_t1
2011-07-11,LONG,-0.012502332524724769,1,3.9689999999998236,183.44999999999118,2011,pre_t1
2011-07-13,SHORT,0.00553752148176434,0,1.75,72.5,2011,pre_t1
2011-07-15,SHORT,0.005556620042153737,1,3.935999999999922,181.7999999999961,2011,pre_t1
2011-07-19,SHORT,0.005764796310530285,-1,-5.233999999999924,-276.6999999999962,2011,pre_t1
2011-07-25,LONG,-0.005242463958060273,-1,-5.313000000000102,-280.6500000000051,2011,pre_t1
2011-07-26,LONG,-0.009559512652296154,1,3.9629999999999654,183.14999999999827,2011,pre_t1
2011-07-27,LONG,-0.009789156626506035,1,3.9449999999999363,182.24999999999682,2011,pre_t1
2011-07-29,LONG,-0.011225082252757868,1,3.831749999999829,176.58749999999145,2011,pre_t1
2011-08-01,SHORT,0.015783320342946272,1,3.909750000000031,180.48750000000155,2011,pre_t1
2011-08-02,LONG,-0.011498733190411281,1,3.80399999999986,175.199999999993,2011,pre_t1
2011-08-04,LONG,-0.01412092283214006,-1,-4.957000000000107,-262.85000000000537,2011,pre_t1
2011-08-05,SHORT,0.013224181360201426,-1,-4.826999999999998,-256.3499999999999,2011,pre_t1
2011-08-09,SHORT,0.016562220232766434,1,3.406500000000051,155.32500000000255,2011,pre_t1
2011-08-10,LONG,-0.015722593150980013,-1,-4.569999999999936,-243.49999999999682,2011,pre_t1
2011-08-11,SHORT,0.014173228346456623,-1,-4.508000000000038,-240.4000000000019,2011,pre_t1
2011-08-12,SHORT,0.015288544358311729,1,3.536250000000109,161.81250000000546,2011,pre_t1
2011-08-16,LONG,-0.014776274713839799,1,3.550499999999829,162.52499999999145,2011,pre_t1
2011-08-17,SHORT,0.005672268907563005,-1,-4.787000000000035,-254.35000000000173,2011,pre_t1
2011-08-19,LONG,-0.00838112042346717,1,3.3719999999998436,153.59999999999218,2011,pre_t1
2011-08-22,SHORT,0.022187359928283357,-1,-4.560999999999922,-243.0499999999961,2011,pre_t1
2011-08-25,SHORT,0.010260795211628926,-1,-4.726000000000113,-251.30000000000564,2011,pre_t1
2011-08-26,LONG,-0.005830274238825317,-1,-4.604000000000042,-245.2000000000021,2011,pre_t1
2011-08-29,SHORT,0.008091993185689983,-1,-4.733999999999924,-251.69999999999618,2011,pre_t1
2011-08-30,LONG,-0.009312913907284726,1,3.590249999999969,164.51249999999845,2011,pre_t1
2011-08-31,SHORT,0.010151232649678876,1,3.6569999999999254,167.84999999999627,2011,pre_t1
2011-09-02,LONG,-0.02235220388552328,1,3.5099999999997635,160.49999999998818,2011,pre_t1
2011-09-05,LONG,-0.02404766971696104,1,3.4394999999999527,156.97499999999764,2011,pre_t1
2011-09-07,SHORT,0.015105740181268867,-1,-4.703999999999951,-250.19999999999754,2011,pre_t1
2011-09-09,LONG,-0.01624815361890697,1,3.496499999999969,159.82499999999845,2011,pre_t1
2011-09-12,LONG,-0.013212042451808514,-1,-4.55600000000004,-242.800000000002,2011,pre_t1
2011-09-13,SHORT,0.008441558441558472,1,3.4942499999999654,159.71249999999827,2011,pre_t1
2011-09-19,LONG,-0.022318660880347174,1,3.5482499999998254,162.41249999999127,2011,pre_t1
2011-09-22,LONG,-0.023830155979202794,1,3.37949999999978,153.974999999989,2011,pre_t1
2011-09-23,LONG,-0.008229537366548079,1,3.3442499999998745,152.21249999999372,2011,pre_t1
2011-09-26,SHORT,0.015586729013582712,1,3.420749999999998,156.0374999999999,2011,pre_t1
2011-09-27,SHORT,0.020324324324324294,1,3.539250000000038,161.9625000000019,2011,pre_t1
2011-09-29,SHORT,0.011787819253438192,-1,-4.634999999999991,-246.74999999999955,2011,pre_t1
2011-09-30,LONG,-0.013642269380684247,-1,-4.555000000000064,-242.75000000000318,2011,pre_t1
2011-10-04,LONG,-0.020132692747654946,1,3.2122499999998126,145.61249999999063,2011,pre_t1
2011-10-07,SHORT,0.010619852622453463,1,3.4972499999998945,159.86249999999472,2011,pre_t1
2011-10-10,SHORT,0.017155266015200787,1,3.51299999999992,160.649999999996,2011,pre_t1
2011-10-11,LONG,-0.005704627086414504,1,3.529499999999871,161.47499999999354,2011,pre_t1
2011-10-12,SHORT,0.008186397984886629,1,3.6022499999999127,165.11249999999563,2011,pre_t1
2011-10-13,LONG,-0.006032868733097607,-1,-4.77800000000002,-253.900000000001,2011,pre_t1
2011-10-14,SHORT,0.006462372316030862,-1,-4.8279999999999745,-256.3999999999987,2011,pre_t1
2011-10-21,SHORT,0.007021891780256029,-1,-4.875999999999976,-258.7999999999988,2011,pre_t1
2011-10-25,LONG,-0.00940564338603167,1,3.7124999999998636,170.62499999999318,2011,pre_t1
2011-10-26,SHORT,0.010406039583758409,1,3.713999999999942,170.6999999999971,2011,pre_t1
2011-10-27,SHORT,0.022819063004846596,-1,-5.065000000000055,-268.25000000000273,2011,pre_t1
2011-10-28,LONG,-0.008979113800507532,1,3.807749999999942,175.3874999999971,2011,pre_t1
2011-10-31,LONG,-0.011126293187585401,-1,-5.066000000000031,-268.30000000000155,2011,pre_t1
2011-11-01,LONG,-0.027967806841046272,1,3.623249999999871,166.16249999999354,2011,pre_t1
2011-11-02,SHORT,0.015235742227712512,1,3.6982499999999163,169.91249999999582,2011,pre_t1
2011-11-03,SHORT,0.01546916344392435,1,3.741749999999911,172.08749999999554,2011,pre_t1
2011-11-04,LONG,-0.007395562662402599,1,3.724499999999807,171.22499999999036,2011,pre_t1
2011-11-07,SHORT,0.00523349436392917,1,3.7454999999999927,172.27499999999964,2011,pre_t1
2011-11-09,LONG,-0.02355712603062421,-1,-4.973999999999933,-263.69999999999663,2011,pre_t1
2011-11-10,SHORT,0.01366510299816448,1,3.7274999999999636,171.37499999999818,2011,pre_t1
2011-11-11,SHORT,0.012527783390583913,1,3.758250000000089,172.91250000000446,2011,pre_t1
2011-11-16,LONG,-0.005998800239952029,-1,-4.971000000000004,-263.5500000000002,2011,pre_t1
2011-11-18,SHORT,0.006846473029045619,-1,-4.8530000000000655,-257.6500000000033,2011,pre_t1
2011-11-21,LONG,-0.0153082333471245,1,3.5699999999999363,163.49999999999682,2011,pre_t1
2011-11-23,LONG,-0.008690122933446398,1,3.50774999999976,160.387499999988,2011,pre_t1
2011-11-28,SHORT,0.026224534026874746,-1,-4.7349999999999,-251.749999999995,2011,pre_t1
2011-11-30,SHORT,0.024063611634233206,-1,-4.8940000000000055,-259.7000000000003,2011,pre_t1
2011-12-02,SHORT,0.005227181342983611,-1,-5.0,-265.0,2011,pre_t1
2011-12-15,SHORT,0.01597179008504468,1,3.6735000000001037,168.67500000000518,2011,pre_t1
2011-12-16,SHORT,0.011840465309513881,1,3.653250000000071,167.66250000000355,2011,pre_t1
2011-12-20,SHORT,0.016132411481248665,-1,-4.849999999999909,-257.49999999999545,2011,pre_t1
2011-12-27,LONG,-0.0055577610162762525,1,3.7574999999999363,172.87499999999682,2011,pre_t1
2011-12-30,LONG,-0.00536886060847086,1,3.751499999999851,172.57499999999254,2011,pre_t1
2012-01-03,SHORT,0.017172523961661357,0,3.5,160.0,2012,pre_t1
2012-01-10,SHORT,0.011174279553028743,1,3.86850000000004,178.425000000002,2012,pre_t1
2012-01-12,SHORT,0.0076067875950849295,1,3.874499999999898,178.7249999999949,2012,pre_t1
2012-01-13,LONG,-0.00697269029633929,-1,-5.126999999999953,-271.34999999999764,2012,pre_t1
2012-01-20,LONG,-0.005723006486074045,1,3.908999999999878,180.4499999999939,2012,pre_t1
2012-01-24,LONG,-0.0062893081761006275,-1,-5.213999999999942,-275.6999999999971,2012,pre_t1
2012-01-30,LONG,-0.009141115977909009,-1,-5.2029999999999745,-275.1499999999987,2012,pre_t1
2012-01-31,SHORT,0.00515660809778451,1,3.94724999999994,182.362499999997,2012,pre_t1
2012-02-01,SHORT,0.008253358925143894,-1,-5.252999999999929,-277.64999999999645,2012,pre_t1
2012-02-02,SHORT,0.006277344493056836,1,3.9674999999999727,183.37499999999864,2012,pre_t1
2012-02-03,SHORT,0.010638297872340496,-1,-5.319999999999936,-280.9999999999968,2012,pre_t1
2012-02-10,LONG,-0.01260426320667285,1,3.995249999999942,184.7624999999971,2012,pre_t1
2012-02-13,SHORT,0.011625726607912945,1,4.0462500000001,187.312500000005,2012,pre_t1
2012-02-14,LONG,-0.0072289156626506035,1,4.016999999999825,185.84999999999127,2012,pre_t1
2012-02-27,LONG,-0.01062855048561484,1,4.049249999999802,187.4624999999901,2012,pre_t1
2012-03-06,LONG,-0.010501105379513653,1,4.028249999999844,186.41249999999218,2012,pre_t1
2012-03-12,SHORT,0.008684405025868536,1,4.094250000000102,189.7125000000051,2012,pre_t1
2012-03-13,SHORT,0.005288110867979645,1,4.13474999999994,191.737499999997,2012,pre_t1
2012-03-20,LONG,-0.0056990204808547995,-1,-5.583000000000084,-294.1500000000042,2012,pre_t1
2012-03-22,LONG,-0.007728253055355849,1,4.140749999999798,192.0374999999899,2012,pre_t1
2012-03-23,SHORT,0.005431830526887671,1,4.164749999999913,193.23749999999563,2012,pre_t1
2012-03-26,SHORT,0.011363636363636465,1,4.205249999999978,195.2624999999989,2012,pre_t1
2012-03-27,SHORT,0.005873976504094047,1,4.238250000000107,196.91250000000537,2012,pre_t1
2012-04-03,LONG,-0.005306916681408147,1,4.217249999999922,195.8624999999961,2012,pre_t1
2012-04-04,LONG,-0.012426770814841115,1,4.172249999999849,193.61249999999245,2012,pre_t1
2012-04-05,LONG,-0.007890961262553842,1,4.148999999999887,192.44999999999436,2012,pre_t1
2012-04-13,LONG,-0.007408745934224803,1,4.11974999999984,190.987499999992,2012,pre_t1
2012-04-16,SHORT,0.0054904831625182116,1,4.120499999999993,191.02499999999964,2012,pre_t1
2012-04-23,LONG,-0.015099144988175328,1,4.06049999999982,188.024999999991,2012,pre_t1
2012-05-02,LONG,-0.010695187165775444,1,4.162499999999909,193.12499999999545,2012,pre_t1
2012-05-04,LONG,-0.005610859728506834,1,4.120499999999765,191.02499999998827,2012,pre_t1
2012-05-07,LONG,-0.007878343715646774,1,4.061249999999745,188.06249999998727,2012,pre_t1
2012-05-09,LONG,-0.01544117647058818,1,4.016999999999825,185.84999999999127,2012,pre_t1
2012-05-10,SHORT,0.007027926761605352,1,4.083750000000009,189.18750000000045,2012,pre_t1
2012-05-11,LONG,-0.010889627168696903,1,4.019249999999829,185.96249999999145,2012,pre_t1
2012-05-14,LONG,-0.014256619144602856,1,3.992999999999938,184.6499999999969,2012,pre_t1
2012-05-18,SHORT,0.008675534991324563,1,3.923999999999978,181.1999999999989,2012,pre_t1
2012-05-24,SHORT,0.007630675314765467,1,3.9615000000001146,183.07500000000573,2012,pre_t1
2012-05-28,SHORT,0.009165552797403054,1,3.963749999999891,183.18749999999454,2012,pre_t1
2012-05-31,LONG,-0.0057153743570204085,1,3.914249999999811,180.71249999999054,2012,pre_t1
2012-06-05,LONG,-0.007642563198118735,1,3.7979999999997744,174.89999999998872,2012,pre_t1
2012-06-06,SHORT,0.007632093933463757,-1,-5.149000000000115,-272.45000000000573,2012,pre_t1
2012-06-08,LONG,-0.007607455306200106,1,3.9134999999998854,180.67499999999427,2012,pre_t1
2012-06-11,SHORT,0.007963594994311762,-1,-5.316000000000031,-280.80000000000155,2012,pre_t1
2012-06-14,SHORT,0.007105819089686882,-1,-5.2439999999999145,-277.1999999999957,2012,pre_t1
2012-06-19,SHORT,0.010326699211415713,1,4.035750000000007,186.78750000000036,2012,pre_t1
2012-06-22,SHORT,0.010289634146341431,1,3.9764999999999873,183.82499999999936,2012,pre_t1
2012-06-25,LONG,-0.011157337367624809,1,3.921749999999747,181.08749999998736,2012,pre_t1
2012-06-26,SHORT,0.008073817762399127,1,3.9329999999999927,181.64999999999964,2012,pre_t1
2012-06-27,SHORT,0.00841622035195111,1,3.953999999999951,182.69999999999754,2012,pre_t1
2012-06-28,LONG,-0.01225721289835946,1,3.928499999999758,181.4249999999879,2012,pre_t1
2012-06-29,SHORT,0.017573696145124718,1,4.038749999999936,186.93749999999682,2012,pre_t1
2012-07-06,LONG,-0.010091743119266083,-1,-5.394999999999982,-284.7499999999991,2012,pre_t1
2012-07-10,SHORT,0.005010205975134463,1,4.061999999999898,188.0999999999949,2012,pre_t1
2012-07-11,SHORT,0.005456255879586092,1,4.008000000000038,185.4000000000019,2012,pre_t1
2012-07-12,LONG,-0.006175149700598848,-1,-5.310999999999922,-280.5499999999961,2012,pre_t1
2012-07-16,LONG,-0.007401924500370138,1,4.022999999999911,186.14999999999554,2012,pre_t1
2012-07-17,SHORT,0.00932140193885167,1,4.060500000000047,188.02500000000236,2012,pre_t1
2012-07-18,LONG,-0.007547864506627366,1,4.043249999999944,187.16249999999718,2012,pre_t1
2012-07-20,LONG,-0.005314275242807365,1,4.070999999999913,188.54999999999563,2012,pre_t1
2012-07-23,LONG,-0.015176753655376629,1,3.9907499999999345,184.53749999999673,2012,pre_t1
2012-07-26,SHORT,0.020173453996983337,1,4.058250000000044,187.91250000000218,2012,pre_t1
2012-07-30,LONG,-0.0056118754525705805,1,4.11974999999984,190.987499999992,2012,pre_t1
2012-07-31,LONG,-0.006698044895003585,1,4.115249999999833,190.76249999999163,2012,pre_t1
2012-08-01,SHORT,0.010795974382433737,1,4.143000000000029,192.15000000000146,2012,pre_t1
2012-08-02,LONG,-0.012953840540047445,1,4.057499999999891,187.87499999999454,2012,pre_t1
2012-08-03,SHORT,0.00992464620474176,-1,-5.495000000000118,-289.7500000000059,2012,pre_t1
2012-08-07,SHORT,0.009766684753119925,1,4.187249999999949,194.36249999999745,2012,pre_t1
2012-08-13,LONG,-0.006773618538324366,1,4.17899999999986,193.949999999993,2012,pre_t1
2012-08-14,LONG,-0.005176722599071759,1,4.179749999999785,193.98749999998927,2012,pre_t1
2012-08-27,SHORT,0.00766898519707504,1,4.2374999999999545,196.87499999999773,2012,pre_t1
2012-08-31,SHORT,0.005900232433398989,1,4.219499999999925,195.97499999999627,2012,pre_t1
2012-09-06,SHORT,0.006451612903225712,-1,-5.6159999999999854,-295.7999999999993,2012,pre_t1
2012-09-11,SHORT,0.005097556688345994,1,4.288500000000113,199.42500000000564,2012,pre_t1
2012-09-25,SHORT,0.006925207756232732,1,4.36200000000008,203.100000000004,2012,pre_t1
2012-09-26,LONG,-0.005048746518105829,1,4.286249999999882,199.3124999999941,2012,pre_t1
2012-10-03,SHORT,0.007856145251396551,1,4.329750000000104,201.48750000000518,2012,pre_t1
2012-10-10,LONG,-0.005743125652627912,1,4.2847499999998035,199.23749999999018,2012,pre_t1
2012-10-11,SHORT,0.006654991243432606,1,4.310999999999922,200.5499999999961,2012,pre_t1
2012-10-12,SHORT,0.005276116778051287,1,4.287000000000035,199.35000000000173,2012,pre_t1
2012-10-23,LONG,-0.0157535445475232,1,4.217249999999922,195.8624999999961,2012,pre_t1
2012-10-25,SHORT,0.0073358382537127564,-1,-5.630000000000109,-296.50000000000546,2012,pre_t1
2012-10-26,LONG,-0.0055042613636363535,1,4.2007499999997435,195.03749999998718,2012,pre_t1
2012-11-01,SHORT,0.007502679528403,1,4.230000000000018,196.5000000000009,2012,pre_t1
2012-11-02,SHORT,0.005799648506151112,1,4.292249999999967,199.61249999999836,2012,pre_t1
2012-11-07,LONG,-0.01932536893886161,1,4.186499999999796,194.3249999999898,2012,pre_t1
2012-11-12,SHORT,0.007853881278538921,1,4.138500000000022,191.9250000000011,2012,pre_t1
2012-11-13,LONG,-0.005267938237965453,1,4.1069999999997435,190.34999999998718,2012,pre_t1
2012-11-19,SHORT,0.011053795136330091,1,4.1159999999999854,190.79999999999927,2012,pre_t1
2012-12-17,LONG,-0.00512820512820511,1,4.219499999999925,195.97499999999627,2012,pre_t1
2012-12-18,SHORT,0.006167400881057272,-1,-5.710000000000036,-300.5000000000018,2012,pre_t1
2012-12-19,LONG,-0.006913238852402359,1,4.309499999999844,200.47499999999218,2012,pre_t1
2012-12-21,LONG,-0.01663489863108647,1,4.256249999999909,197.81249999999545,2012,pre_t1
2012-12-27,SHORT,0.005326704545454586,1,4.246499999999969,197.32499999999845,2012,pre_t1
2012-12-28,LONG,-0.006900212314225107,-1,-5.613000000000056,-295.6500000000028,2012,pre_t1
2013-01-02,SHORT,0.016387665198237977,-1,-5.768000000000029,-303.40000000000146,2013,pre_t1
2013-01-04,SHORT,0.006217616580310947,1,4.369500000000016,203.47500000000082,2013,pre_t1
2013-01-10,SHORT,0.01000690131124915,1,4.3904999999999745,204.52499999999873,2013,pre_t1
2013-01-14,LONG,-0.005792163543441253,1,4.376999999999953,203.84999999999764,2013,pre_t1
2013-01-17,SHORT,0.009073788734805577,1,4.420499999999947,206.02499999999736,2013,pre_t1
2013-01-24,SHORT,0.007791327913279078,1,4.462500000000091,208.12500000000455,2013,pre_t1
2013-02-04,LONG,-0.006132935521299565,-1,-5.996000000000095,-314.80000000000473,2013,pre_t1
2013-02-05,SHORT,0.005554620434270241,-1,-5.973999999999933,-313.69999999999663,2013,pre_t1
2013-02-08,SHORT,0.01072386058981234,1,4.524000000000115,211.20000000000573,2013,pre_t1
2013-02-14,LONG,-0.007413509060955503,1,4.518749999999727,210.93749999998636,2013,pre_t1
2013-02-22,SHORT,0.00502092050209213,-1,-6.005000000000109,-315.25000000000546,2013,pre_t1
2013-02-25,SHORT,0.009282280788993846,1,4.566749999999956,213.33749999999782,2013,pre_t1
2013-03-15,LONG,-0.00578220366206228,1,4.642499999999927,217.12499999999636,2013,pre_t1
2013-03-18,LONG,-0.009810228369250606,-1,-6.156999999999925,-322.84999999999627,2013,pre_t1
2013-03-20,SHORT,0.0058356297617117026,1,4.653749999999945,217.68749999999727,2013,pre_t1
2013-03-21,LONG,-0.005636070853462183,0,3.25,147.5,2013,pre_t1
2013-03-25,SHORT,0.007608871620527813,1,4.667999999999893,218.39999999999463,2013,pre_t1
2013-03-26,SHORT,0.008119519324456093,1,4.655999999999949,217.79999999999745,2013,pre_t1
2013-04-05,LONG,-0.012383403023480177,-1,-6.141000000000076,-322.0500000000038,2013,pre_t1
2013-04-12,LONG,-0.007084382871536565,1,4.730249999999842,221.5124999999921,2013,pre_t1
2013-04-15,LONG,-0.008839779005524906,1,4.709249999999884,220.46249999999418,2013,pre_t1
2013-04-16,SHORT,0.007596573460481704,1,4.675500000000056,218.77500000000282,2013,pre_t1
2013-04-17,LONG,-0.007355292612727826,1,4.655999999999722,217.79999999998608,2013,pre_t1
2013-04-22,SHORT,0.006479831524380364,1,4.659750000000031,217.98750000000155,2013,pre_t1
2013-04-23,SHORT,0.00886524822695045,1,4.694250000000011,219.71250000000055,2013,pre_t1
2013-05-03,SHORT,0.005180533751962368,-1,-6.40300000000002,-335.150000000001,2013,pre_t1
2013-05-15,LONG,-0.005006827492034627,1,4.918499999999767,230.92499999998836,2013,pre_t1
2013-05-23,LONG,-0.0134563048079831,1,4.893749999999727,229.68749999998636,2013,pre_t1
2013-05-24,LONG,-0.009398211308170423,1,4.901249999999891,230.06249999999454,2013,pre_t1
2013-05-28,SHORT,0.007434380215445291,1,4.980000000000018,234.0000000000009,2013,pre_t1
2013-06-11,LONG,-0.008408500229322713,-1,-6.486000000000104,-339.3000000000052,2013,pre_t1
2013-06-12,SHORT,0.006767148569670978,1,4.90949999999998,230.474999999999,2013,pre_t1
2013-06-14,LONG,-0.009013137794072756,1,4.865249999999833,228.26249999999163,2013,pre_t1
2013-06-17,SHORT,0.006943372936275338,-1,-6.526000000000067,-341.30000000000337,2013,pre_t1
2013-06-20,LONG,-0.013863216266173706,1,4.801499999999805,225.07499999999027,2013,pre_t1
2013-06-24,LONG,-0.010556168268473276,-1,-6.279999999999973,-328.99999999999864,2013,pre_t1
2013-06-25,SHORT,0.005426975259377409,-1,-6.298999999999978,-329.9499999999989,2013,pre_t1
2013-06-26,SHORT,0.00789889415481837,1,4.785000000000082,224.2500000000041,2013,pre_t1
2013-07-01,SHORT,0.010842237586423664,-1,-6.432999999999993,-336.64999999999964,2013,pre_t1
2013-07-03,LONG,-0.012134411947728685,1,4.762499999999818,223.1249999999909,2013,pre_t1
2013-07-08,SHORT,0.0054045707226684225,-1,-6.510999999999967,-340.54999999999836,2013,pre_t1
2013-07-09,SHORT,0.006730916322472025,1,4.935750000000098,231.7875000000049,2013,pre_t1
2013-07-26,LONG,-0.007862334965138662,1,5.015999999999849,235.79999999999245,2013,pre_t1
2013-07-29,LONG,-0.010077059869590954,1,5.0099999999997635,235.49999999998818,2013,pre_t1
2013-08-01,SHORT,0.008208955223880654,-1,-6.755000000000109,-352.75000000000546,2013,pre_t1
2013-08-08,SHORT,0.00520523497917913,-1,-6.7590000000000146,-352.9500000000007,2013,pre_t1
2013-08-12,LONG,-0.005203687184061834,1,5.018249999999853,235.91249999999263,2013,pre_t1
2013-08-15,LONG,-0.01203566121842492,1,4.986749999999802,234.3374999999901,2013,pre_t1
2013-08-19,LONG,-0.0052918052615663624,1,4.934249999999793,231.71249999998963,2013,pre_t1
2013-08-29,LONG,-0.006734006734006703,1,4.867499999999836,228.37499999999181,2013,pre_t1
2013-09-03,SHORT,0.010277649946310863,1,4.939499999999953,231.97499999999764,2013,pre_t1
2013-09-10,SHORT,0.006311992786294018,0,-6.25,-327.5,2013,pre_t1
2013-09-13,LONG,-0.006681514476614692,1,5.017499999999927,235.87499999999636,2013,pre_t1
2013-09-16,SHORT,0.011306158881285278,1,5.098500000000058,239.9250000000029,2013,pre_t1
2013-09-17,SHORT,0.008907363420427528,1,5.09699999999998,239.849999999999,2013,pre_t1
2013-09-19,SHORT,0.006254545454545513,1,5.188499999999976,244.42499999999882,2013,pre_t1
2013-09-30,LONG,-0.0055084114932261175,-1,-6.680000000000064,-349.0000000000032,2013,pre_t1
2013-10-02,LONG,-0.009773434029320294,1,5.015249999999924,235.76249999999618,2013,pre_t1
2013-10-07,LONG,-0.005067064083457473,-1,-6.675999999999931,-348.79999999999654,2013,pre_t1
2013-10-10,SHORT,0.010299909118449024,1,5.002500000000055,235.12500000000273,2013,pre_t1
2013-10-15,LONG,-0.006599208095028564,1,5.080499999999802,239.0249999999901,2013,pre_t1
2013-10-16,SHORT,0.006081281518837134,-1,-6.782999999999902,-354.1499999999951,2013,pre_t1
2013-10-24,SHORT,0.005621216488901792,1,5.232749999999896,246.63749999999482,2013,pre_t1
2013-11-04,SHORT,0.006857142857142895,1,5.286000000000058,249.3000000000029,2013,pre_t1
2013-11-12,LONG,-0.005797511312217174,1,5.273249999999734,248.66249999998672,2013,pre_t1
2013-12-02,LONG,-0.006235277816267093,1,5.378999999999905,253.94999999999527,2013,pre_t1
2014-01-21,SHORT,0.005867103288306641,1,5.528999999999996,261.4499999999998,2014,pre_t1
2014-01-22,SHORT,0.005460750853242269,1,5.523750000000064,261.1875000000032,2014,pre_t1
2014-01-24,LONG,-0.01000822593912809,1,5.415749999999889,255.78749999999445,2014,pre_t1
2014-01-29,LONG,-0.00828535318073309,1,5.296499999999696,249.8249999999848,2014,pre_t1
2014-01-31,LONG,-0.012858141160027925,-1,-7.063000000000102,-368.1500000000051,2014,pre_t1
2014-02-06,SHORT,0.006756756756756799,-1,-7.002999999999929,-365.14999999999645,2014,pre_t1
2014-03-03,LONG,-0.008646311807619544,1,5.5034999999998035,260.1749999999902,2014,pre_t1
2014-03-06,SHORT,0.0060297467506365,1,5.6310000000000855,266.5500000000043,2014,pre_t1
2014-03-10,SHORT,0.006713211600429592,1,5.623499999999922,266.1749999999961,2014,pre_t1
2014-03-11,SHORT,0.005504833512352203,1,5.616749999999911,265.83749999999554,2014,pre_t1
2014-03-17,SHORT,0.005453306066802943,-1,-7.375,-383.75,2014,pre_t1
2014-03-25,SHORT,0.008681497558328921,1,5.576999999999998,263.8499999999999,2014,pre_t1
2014-03-28,SHORT,0.006680299931833611,1,5.538000000000011,261.90000000000055,2014,pre_t1
2014-03-31,SHORT,0.006353068396864003,1,5.583750000000009,264.18750000000045,2014,pre_t1
2014-04-04,SHORT,0.0053156146179402786,1,5.673749999999927,268.68749999999636,2014,pre_t1
2014-04-11,LONG,-0.009896907216494832,1,5.402249999999867,255.11249999999336,2014,pre_t1
2014-04-14,SHORT,0.00832755031228305,1,5.448750000000018,257.4375000000009,2014,pre_t1
2014-04-24,SHORT,0.008862629246676468,1,5.63474999999994,266.737499999997,2014,pre_t1
2014-04-25,LONG,-0.007207688200747464,1,5.578499999999849,263.92499999999245,2014,pre_t1
2014-05-29,SHORT,0.006314958558084394,1,5.736750000000029,271.83750000000146,2014,pre_t1
2014-05-30,LONG,-0.005083420229405666,1,5.724749999999858,271.2374999999929,2014,pre_t1
2014-06-20,LONG,-0.006508422664624813,1,5.838749999999891,276.93749999999454,2014,pre_t1
2014-06-24,LONG,-0.0055022392834293,1,5.8289999999997235,276.4499999999862,2014,pre_t1
2014-06-25,LONG,-0.005922492596884266,1,5.790749999999889,274.53749999999445,2014,pre_t1
2014-07-02,SHORT,0.0075602255253715,1,5.8972499999999854,279.8624999999993,2014,pre_t1
2014-07-10,LONG,-0.013857106534452046,1,5.817749999999705,275.88749999998527,2014,pre_t1
2014-07-14,SHORT,0.005098139179199546,1,5.914500000000089,280.72500000000446,2014,pre_t1
2014-07-15,LONG,-0.007102092580849706,1,5.871749999999793,278.58749999998963,2014,pre_t1
2014-07-16,SHORT,0.008289758959316496,1,5.929499999999962,281.4749999999981,2014,pre_t1
2014-07-17,LONG,-0.007215189873417738,1,5.882249999999885,279.11249999999427,2014,pre_t1
2014-07-29,SHORT,0.005851672815163411,1,5.930250000000115,281.51250000000573,2014,pre_t1
2014-07-31,LONG,-0.007124681933842192,-1,-7.804000000000087,-405.20000000000437,2014,pre_t1
2014-08-01,LONG,-0.006623376623376642,1,5.736749999999802,271.8374999999901,2014,pre_t1
2014-08-06,LONG,-0.00861956379783202,1,5.693249999999807,269.66249999999036,2014,pre_t1
2014-08-28,LONG,-0.007512207336922483,1,5.94524999999976,282.262499999988,2014,pre_t1
2014-08-29,SHORT,0.005786891432884689,1,5.996249999999918,284.8124999999959,2014,pre_t1
2014-09-26,LONG,-0.008463870641738258,-1,-7.848999999999933,-407.44999999999663,2014,pre_t1
2014-09-29,LONG,-0.008863003291972649,-1,-7.8279999999999745,-406.3999999999987,2014,pre_t1
2014-10-03,SHORT,0.006732263076126399,1,5.832000000000107,276.60000000000537,2014,pre_t1
2014-10-06,SHORT,0.007678525723061158,1,5.905500000000075,280.27500000000373,2014,pre_t1
2014-10-07,LONG,-0.008941116362242929,-1,-7.7590000000000146,-402.9500000000007,2014,pre_t1
2014-10-09,LONG,-0.005481896991330948,1,5.8507499999998345,277.5374999999917,2014,pre_t1
2014-10-13,LONG,-0.011627906976744207,1,5.6099999999999,265.499999999995,2014,pre_t1
2014-10-15,LONG,-0.009392191064001021,-1,-7.383000000000038,-384.1500000000019,2014,pre_t1
2014-10-17,SHORT,0.0070033670033669004,-1,-7.477000000000089,-388.85000000000446,2014,pre_t1
2014-10-20,SHORT,0.0057656208098686434,-1,-7.500999999999976,-390.0499999999988,2014,pre_t1
2014-10-21,SHORT,0.007115561997628195,1,5.732250000000022,271.6125000000011,2014,pre_t1
2014-10-22,SHORT,0.006254886630179923,-1,-7.72199999999998,-401.099999999999,2014,pre_t1
2014-10-23,SHORT,0.010150963040083338,1,5.8215000000000146,276.0750000000007,2014,pre_t1
2014-10-24,SHORT,0.005293737895416317,1,5.839500000000044,276.9750000000022,2014,pre_t1
2014-10-31,SHORT,0.011991921232012093,1,6.012750000000096,285.6375000000048,2014,pre_t1
2014-11-05,SHORT,0.0067533766883440816,1,6.037499999999909,286.87499999999545,2014,pre_t1
2014-11-17,LONG,-0.00838160976211022,1,6.033749999999827,286.68749999999136,2014,pre_t1
2014-11-20,LONG,-0.00830483634587198,1,6.089999999999691,289.49999999998454,2014,pre_t1
2014-11-21,SHORT,0.013577981651376136,1,6.214500000000044,295.7250000000022,2014,pre_t1
2014-12-04,LONG,-0.005544840887174551,1,6.1875,294.375,2014,pre_t1
2014-12-12,LONG,-0.007004177930695521,-1,-8.080999999999904,-419.0499999999952,2014,pre_t1
2014-12-23,SHORT,0.007377842283502689,1,6.246749999999793,297.33749999998963,2014,pre_t1
2014-12-30,LONG,-0.006112909025530411,1,6.218999999999596,295.9499999999798,2014,pre_t1
2015-01-05,LONG,-0.006821780972103841,-1,-8.15300000000002,-422.650000000001,2015,pre_t1
2015-01-07,SHORT,0.007896715968914503,1,6.030749999999898,286.5374999999949,2015,pre_t1
2015-01-08,SHORT,0.012176938369781398,1,6.1095000000000255,290.4750000000013,2015,pre_t1
2015-01-09,SHORT,0.006103515625,1,6.181500000000142,294.0750000000071,2015,pre_t1
2015-01-14,LONG,-0.012270699058006929,-1,-7.969000000000051,-413.45000000000255,2015,pre_t1
2015-01-20,SHORT,0.0057256659198405835,1,6.059999999999945,287.99999999999727,2015,pre_t1
2015-01-28,SHORT,0.007043994068215431,1,6.111750000000029,290.58750000000146,2015,pre_t1
2015-01-29,SHORT,0.008068582955118586,1,5.997000000000071,284.85000000000355,2015,pre_t1
2015-03-03,LONG,-0.0062640349840444864,1,6.305999999999585,300.29999999997926,2015,pre_t1
2015-03-20,SHORT,0.005766458433445365,1,6.278999999999996,298.9499999999998,2015,pre_t1
2015-03-26,LONG,-0.008159785653391816,1,6.10799999999972,290.399999999986,2015,pre_t1
2015-03-30,SHORT,0.006335282651072083,1,6.195000000000164,294.7500000000082,2015,pre_t1
2015-04-16,LONG,-0.005477494641581315,1,6.263999999999669,298.19999999998345,2015,pre_t1
2015-04-20,SHORT,0.005788013987700458,1,6.255749999999807,297.78749999999036,2015,pre_t1
2015-04-23,LONG,-0.005948839976204656,1,6.266249999999673,298.31249999998363,2015,pre_t1
2015-05-01,SHORT,0.008328304164151978,0,-2.5,-140.0,2015,pre_t1
2015-05-08,SHORT,0.009998795325864451,-1,-8.384000000000015,-434.2000000000007,2015,pre_t1
2015-05-14,SHORT,0.00982506589983223,1,6.320999999999913,301.04999999999563,2015,pre_t1
2015-06-05,LONG,-0.005128816793893098,1,6.255749999999807,297.78749999999036,2015,pre_t1
2015-06-12,LONG,-0.008294821661334328,1,6.276749999999993,298.83749999999964,2015,pre_t1
2015-06-22,SHORT,0.006928682355751947,-1,-8.429000000000087,-436.45000000000437,2015,pre_t1
2015-06-26,SHORT,0.0057526366251199335,1,6.293999999999869,299.69999999999345,2015,pre_t1
2015-06-29,LONG,-0.012301445121222998,1,6.202499999999873,295.12499999999363,2015,pre_t1
2015-06-30,SHORT,0.013359480328471562,1,6.201000000000022,295.0500000000011,2015,pre_t1
2015-07-01,SHORT,0.00929095354523235,1,6.192000000000007,294.60000000000036,2015,pre_t1
2015-07-06,LONG,-0.007377842283502689,-1,-8.207000000000107,-425.35000000000537,2015,pre_t1
2015-07-09,SHORT,0.012752912323727772,1,6.194250000000011,294.71250000000055,2015,pre_t1
2015-07-10,SHORT,0.011989234157083528,1,6.204000000000178,295.2000000000089,2015,pre_t1
2015-07-13,SHORT,0.007030303030302942,-1,-8.307999999999993,-430.39999999999964,2015,pre_t1
2015-07-16,SHORT,0.006330625895843323,0,1.0,35.0,2015,pre_t1
2015-07-28,SHORT,0.005236239649293761,1,6.1912499999998545,294.5624999999927,2015,pre_t1
2015-08-06,SHORT,0.0052738822965359144,1,6.2902500000000146,299.5125000000007,2015,pre_t1
2015-08-20,LONG,-0.009063444108761365,1,6.149999999999636,292.4999999999818,2015,pre_t1
2015-08-21,LONG,-0.00878712871287124,1,6.0067499999997835,285.3374999999892,2015,pre_t1
2015-08-24,LONG,-0.044117647058823484,-1,-7.474999999999909,-388.74999999999545,2015,pre_t1
2015-08-25,SHORT,0.023326706428097976,-1,-7.721000000000004,-401.0500000000002,2015,pre_t1
2015-08-27,SHORT,0.012899896800825594,1,5.888999999999896,279.4499999999948,2015,pre_t1
2015-09-01,LONG,-0.019002678229817604,-1,-7.692000000000007,-399.60000000000036,2015,pre_t1
2015-09-02,SHORT,0.011662953741318205,1,5.789999999999964,274.4999999999982,2015,pre_t1
2015-09-04,LONG,-0.013990501861121829,-1,-7.682000000000016,-399.1000000000008,2015,pre_t1
2015-09-07,SHORT,0.0073356038773906285,-1,-7.690000000000055,-399.50000000000273,2015,pre_t1
2015-09-09,SHORT,0.009573653306101715,-1,-7.9090000000001055,-410.4500000000053,2015,pre_t1
2015-09-14,SHORT,0.005537669027688263,1,5.8559999999999945,277.7999999999997,2015,pre_t1
2015-09-18,LONG,-0.01583481124904995,1,5.82674999999972,276.337499999986,2015,pre_t1
2015-09-22,LONG,-0.017118037812979048,1,5.770499999999856,273.5249999999928,2015,pre_t1
2015-09-24,LONG,-0.011801322785630952,1,5.714999999999691,270.74999999998454,2015,pre_t1
2015-09-25,SHORT,0.008977361436377729,1,5.816250000000082,275.8125000000041,2015,pre_t1
2015-09-30,SHORT,0.011257035647279645,-1,-7.546000000000049,-392.30000000000246,2015,pre_t1
2015-10-02,LONG,-0.016853932584269704,1,5.643749999999727,267.18749999998636,2015,pre_t1
2015-10-05,SHORT,0.007723995880535517,1,5.871000000000095,278.55000000000473,2015,pre_t1
2015-10-06,LONG,-0.005182657059790152,1,5.902499999999691,280.12499999998454,2015,pre_t1
2015-10-07,SHORT,0.005454776100469294,1,5.944500000000062,282.2250000000031,2015,pre_t1
2015-10-08,SHORT,0.0058346017250126,1,5.947499999999991,282.37499999999955,2015,pre_t1
2015-10-13,LONG,-0.008960796515245839,1,5.9722499999998035,283.6124999999902,2015,pre_t1
2015-10-23,SHORT,0.005743614811194009,-1,-8.230000000000018,-426.5000000000009,2015,pre_t1
2015-11-12,LONG,-0.006541490006056971,1,6.150749999999789,292.53749999998945,2015,pre_t1
2015-11-13,LONG,-0.006857702669605725,1,6.082499999999754,289.1249999999877,2015,pre_t1
2015-11-19,SHORT,0.005562273276904506,1,6.23700000000008,296.850000000004,2015,pre_t1
2015-12-16,SHORT,0.010936347997050788,1,6.170250000000124,293.5125000000062,2015,pre_t1
2015-12-18,LONG,-0.01261173013346395,1,6.0479999999997744,287.3999999999887,2015,pre_t1
2015-12-21,SHORT,0.005015045135406293,-1,-8.016000000000076,-415.8000000000038,2015,pre_t1
2015-12-22,SHORT,0.008601346297681278,1,6.068250000000035,288.4125000000017,2015,pre_t1
2015-12-23,SHORT,0.005928853754940677,-1,-8.144000000000005,-422.2000000000003,2015,pre_t1
2015-12-29,SHORT,0.006490325740876823,-1,-8.219000000000051,-425.95000000000255,2015,pre_t1
2016-01-05,SHORT,0.009040683073832323,1,6.027000000000044,286.3500000000022,2016,pre_t1
2016-01-06,LONG,-0.015675541179397845,-1,-7.912000000000035,-410.6000000000017,2016,pre_t1
2016-01-07,LONG,-0.013792230798430949,-1,-7.794000000000096,-404.7000000000048,2016,pre_t1
2016-01-08,SHORT,0.005835062240663991,-1,-7.757000000000062,-402.8500000000031,2016,pre_t1
2016-01-11,SHORT,0.005765199161425594,-1,-7.675999999999931,-398.79999999999654,2016,pre_t1
2016-01-12,SHORT,0.008515655705489289,-1,-7.698000000000093,-399.90000000000464,2016,pre_t1
2016-01-14,SHORT,0.008268871699119718,1,5.670000000000073,268.50000000000364,2016,pre_t1
2016-01-15,LONG,-0.026917548673722758,1,5.58524999999986,264.262499999993,2016,pre_t1
2016-01-19,SHORT,0.016367051247652364,1,5.682000000000016,269.1000000000008,2016,pre_t1
2016-01-20,LONG,-0.01600213361781566,1,5.534249999999702,261.7124999999851,2016,pre_t1
2016-01-21,SHORT,0.00664316702819967,1,5.568749999999909,263.43749999999545,2016,pre_t1
2016-01-22,SHORT,0.015426251691474935,-1,-7.503999999999905,-390.19999999999527,2016,pre_t1
2016-01-28,SHORT,0.009634684865515775,-1,-7.545000000000073,-392.25000000000364,2016,pre_t1
2016-02-01,LONG,-0.01035598705501617,1,5.733749999999873,271.68749999999363,2016,pre_t1
2016-02-02,LONG,-0.009703713287618099,-1,-7.653999999999996,-397.6999999999998,2016,pre_t1
2016-02-08,LONG,-0.016682236754304025,1,5.52599999999984,261.299999999992,2016,pre_t1
2016-02-09,LONG,-0.010960757780784869,-1,-7.308999999999969,-380.44999999999845,2016,pre_t1
2016-02-10,SHORT,0.0065306122448980375,-1,-7.397999999999911,-384.89999999999554,2016,pre_t1
2016-02-11,LONG,-0.023524612455806393,1,5.385749999999916,254.28749999999582,2016,pre_t1
2016-02-12,SHORT,0.010552281759627302,1,5.530500000000075,261.52500000000373,2016,pre_t1
2016-02-16,SHORT,0.007628479657387555,1,5.646750000000111,267.33750000000555,2016,pre_t1
2016-02-17,SHORT,0.007967069446288777,1,5.693250000000035,269.6625000000017,2016,pre_t1
2016-02-19,LONG,-0.008879603029511629,1,5.692499999999882,269.6249999999941,2016,pre_t1
2016-02-22,SHORT,0.014566929133858375,1,5.798250000000053,274.91250000000264,2016,pre_t1
2016-02-25,SHORT,0.007826767545003888,1,5.794499999999971,274.72499999999854,2016,pre_t1
2016-03-01,SHORT,0.006602796478508477,1,5.8312499999999545,276.5624999999977,2016,pre_t1
2016-03-03,SHORT,0.011483986219216646,1,5.945249999999987,282.26249999999936,2016,pre_t1
2016-03-07,LONG,-0.005154639175257714,1,5.9347499999998945,281.7374999999947,2016,pre_t1
2016-03-15,LONG,-0.005448916408668736,-1,-8.030999999999949,-416.54999999999745,2016,pre_t1
2016-03-24,LONG,-0.00656021784874361,1,6.01949999999988,285.974999999994,2016,pre_t1
2016-03-28,SHORT,0.006191950464396356,1,6.09375,289.6875,2016,pre_t1
2016-04-01,LONG,-0.013164310092637743,1,6.071999999999889,288.59999999999445,2016,pre_t1
2016-04-05,LONG,-0.007774538386783325,-1,-8.16800000000012,-423.400000000006,2016,pre_t1
2016-04-07,LONG,-0.006190071610632342,-1,-8.188000000000102,-424.4000000000051,2016,pre_t1
2016-04-08,SHORT,0.0070033173608552435,1,6.1469999999999345,292.3499999999967,2016,pre_t1
2016-04-13,SHORT,0.00952962736713503,1,6.197250000000167,294.86250000000837,2016,pre_t1
2016-04-26,SHORT,0.006027000964320184,1,6.259500000000116,297.9750000000058,2016,pre_t1
2016-04-29,LONG,-0.00990099009900991,1,6.149999999999636,292.4999999999818,2016,pre_t1
2016-05-02,SHORT,0.006580550816475794,1,6.195000000000164,294.7500000000082,2016,pre_t1
2016-05-04,LONG,-0.009844433641225114,1,6.1102499999997235,290.5124999999862,2016,pre_t1
2016-05-24,SHORT,0.009944751381215422,1,6.169499999999971,293.47499999999854,2016,pre_t1
2016-06-01,LONG,-0.007404753373940087,1,6.233249999999771,296.66249999998854,2016,pre_t1
2016-06-21,SHORT,0.005197002658931638,1,6.237750000000233,296.88750000001164,2016,pre_t1
2016-06-23,SHORT,0.005297375391283499,0,-4.5,-240.0,2016,pre_t1
2016-06-24,LONG,-0.03848438056776338,1,6.071249999999736,288.5624999999868,2016,pre_t1
2016-06-27,LONG,-0.01282367447595556,1,6.00449999999978,285.224999999989,2016,pre_t1
2016-07-04,SHORT,0.006232023010546595,1,6.2970000000000255,299.8500000000013,2016,pre_t1
2016-07-05,LONG,-0.007023809523809543,-1,-8.340999999999894,-432.0499999999947,2016,pre_t1
2016-07-11,SHORT,0.006624083274189729,1,6.382500000000164,304.1250000000082,2016,pre_t1
2016-07-12,SHORT,0.013010053222944906,1,6.423749999999927,306.18749999999636,2016,pre_t1
2016-08-11,SHORT,0.006236285945259157,1,6.5347499999998035,311.7374999999902,2016,pre_t1
2016-08-15,SHORT,0.005308713214079663,-1,-8.710999999999785,-450.54999999998927,2016,pre_t1
2016-08-18,LONG,-0.006538946885396357,1,6.494999999999891,309.74999999999454,2016,pre_t1
2016-09-08,LONG,-0.0050337489989703554,1,6.522749999999633,311.1374999999816,2016,pre_t1
2016-09-13,LONG,-0.013673232908458899,1,6.38399999999956,304.199999999978,2016,pre_t1
2016-09-16,LONG,-0.007335817419655388,-1,-8.525000000000091,-441.25000000000455,2016,pre_t1
2016-10-13,LONG,-0.00984298101710801,1,6.337499999999636,301.8749999999818,2016,pre_t1
2016-10-14,SHORT,0.005291005291005346,0,-2.5,-140.0,2016,pre_t1
2016-10-18,SHORT,0.00589414122362375,1,6.39975000000004,304.987500000002,2016,pre_t1
2016-10-21,LONG,-0.007840842598010545,1,6.358499999999822,302.9249999999911,2016,pre_t1
2016-10-24,SHORT,0.007512618851977848,0,3.25,147.5,2016,pre_t1
2016-10-26,LONG,-0.006786800842499385,1,6.3659999999999854,303.2999999999993,2016,pre_t1
2016-11-07,SHORT,0.01433734939759046,-1,-8.418999999999869,-435.94999999999345,2016,pre_t1
2016-11-09,LONG,-0.008307980341680343,1,6.356249999999818,302.8124999999909,2016,pre_t1
2016-11-11,LONG,-0.006122213237842233,1,6.4529999999999745,307.6499999999987,2016,pre_t1
2016-12-13,SHORT,0.006122676166091523,-1,-9.038000000000011,-466.90000000000055,2016,pre_t1
2017-01-03,SHORT,0.006817927797026835,1,6.755999999999858,322.7999999999929,2017,pre_t1
2017-02-23,SHORT,0.005737356566085872,1,7.099499999999807,339.97499999999036,2017,trump1
2017-03-01,SHORT,0.007101971592113676,-1,-9.501000000000204,-490.0500000000102,2017,trump1
2017-03-10,SHORT,0.006245368900180015,1,7.129500000000007,341.47500000000036,2017,trump1
2017-03-27,LONG,-0.010889292196007205,1,6.948749999999563,332.4374999999782,2017,trump1
2017-05-17,LONG,-0.010005211047420581,1,7.124249999999847,341.21249999999236,2017,trump1
2017-08-14,SHORT,0.0061525840853158265,0,-6.5,-340.0,2017,trump1
2017-08-23,LONG,-0.005409819332448662,1,7.307999999999538,350.3999999999769,2017,trump1
2017-09-11,SHORT,0.007118885385945184,0,-5.75,-302.5,2017,trump1
2017-11-09,LONG,-0.005307343433368694,0,3.5,160.0,2017,trump1
2017-12-04,SHORT,0.00728339008702239,0,0.5,10.0,2017,trump1
2018-01-26,SHORT,0.005194119200633951,0,-1.0,-65.0,2018,trump1
2018-01-30,LONG,-0.00918474457662699,1,8.495249999999487,409.76249999997435,2018,trump1
2018-02-05,LONG,-0.008137432188065064,1,8.227499999999509,396.37499999997544,2018,trump1
2018-02-06,LONG,-0.020394736842105243,-1,-10.42300000000023,-536.1500000000115,2018,trump1
2018-02-09,SHORT,0.00616095494801705,1,7.838999999999942,376.9499999999971,2018,trump1
2018-02-12,SHORT,0.006866297921037656,-1,-10.557999999999993,-542.8999999999996,2018,trump1
2018-02-14,LONG,-0.006292261457550685,1,7.9357499999996435,381.7874999999822,2018,trump1
2018-03-05,LONG,-0.006025771762306453,1,8.041499999999814,387.0749999999907,2018,trump1
2018-03-07,LONG,-0.010073260073260037,1,8.107499999999618,390.3749999999809,2018,trump1
2018-03-09,SHORT,0.005841548010222741,-1,-11.019999999999982,-565.9999999999991,2018,trump1
2018-03-19,LONG,-0.0061549601737871384,1,8.234999999999673,396.74999999998363,2018,trump1
2018-03-22,LONG,-0.013122877856290738,1,8.065499999999702,388.2749999999851,2018,trump1
2018-03-26,SHORT,0.012318352420363832,-1,-10.519000000000233,-540.9500000000116,2018,trump1
2018-04-03,SHORT,0.0073650547533676836,1,7.796249999999873,374.81249999999363,2018,trump1
2018-04-04,LONG,-0.01584876837884286,1,7.730999999999767,371.54999999998836,2018,trump1
2018-04-06,LONG,-0.009568480300187643,1,7.918499999999767,380.92499999998836,2018,trump1
2018-04-10,SHORT,0.013589817207388277,0,6.25,297.5,2018,trump1
2018-04-11,LONG,-0.008266015404846838,1,7.918499999999767,380.92499999998836,2018,trump1
2018-04-12,SHORT,0.006617508035545505,-1,-10.648000000000138,-547.4000000000069,2018,trump1
2018-04-13,SHORT,0.006091846298031944,1,8.051249999999982,387.5624999999991,2018,trump1
2018-04-16,SHORT,0.005355129650507218,1,8.025749999999789,386.28749999998945,2018,trump1
2018-04-17,SHORT,0.005683935892657477,0,-7.0,-365.0,2018,trump1
2018-05-23,LONG,-0.00741622413477383,1,8.130749999999807,391.53749999999036,2018,trump1
2018-05-29,LONG,-0.008262186725420007,1,8.102249999999913,390.11249999999563,2018,trump1
2018-06-18,LONG,-0.006375145910029634,0,3.5,160.0,2018,trump1
2018-06-25,LONG,-0.005525862849895868,-1,-10.978000000000065,-563.9000000000033,2018,trump1
2018-07-02,LONG,-0.00770925110132159,1,8.108999999999924,390.4499999999962,2018,trump1
2018-07-11,LONG,-0.00536432722396063,1,8.343749999999545,402.18749999997726,2018,trump1
2018-07-12,SHORT,0.006304034582132578,1,8.380500000000211,404.02500000001055,2018,trump1
2018-07-24,SHORT,0.006855413105413044,0,1.75,72.5,2018,trump1
2018-08-02,LONG,-0.005154181107260292,1,8.396249999999782,404.8124999999891,2018,trump1
2018-08-27,SHORT,0.005998956703181957,0,-1.25,-77.5,2018,trump1
2018-09-20,SHORT,0.006359027240697701,0,1.75,72.5,2018,trump1
2018-09-24,LONG,-0.005520169851380041,0,-0.5,-40.0,2018,trump1
2018-10-16,SHORT,0.007789149533556694,1,8.34524999999985,402.26249999999254,2018,trump1
2018-10-29,SHORT,0.013985357612164462,1,8.102249999999913,390.11249999999563,2018,trump1
2018-10-31,SHORT,0.012578030373614046,1,8.15099999999984,392.549999999992,2018,trump1
2018-11-01,SHORT,0.005531483359454192,1,8.180249999999887,394.01249999999436,2018,trump1
2018-11-02,SHORT,0.006846188954815258,1,8.272500000000036,398.6250000000018,2018,trump1
2018-11-07,SHORT,0.008985296787075603,-1,-11.11700000000019,-570.8500000000095,2018,trump1
2018-11-13,SHORT,0.005407387040601286,1,8.227499999999964,396.3749999999982,2018,trump1
2018-11-14,SHORT,0.005496518871381362,0,1.75,72.5,2018,trump1
2018-11-15,LONG,-0.005363417791751424,1,8.066999999999553,388.3499999999776,2018,trump1
2018-11-21,SHORT,0.008230842005676475,1,7.992749999999887,384.63749999999436,2018,trump1
2018-11-26,SHORT,0.01350580178809202,1,7.992000000000189,384.60000000000946,2018,trump1
2018-12-03,SHORT,0.013476845151953798,1,8.403749999999945,405.18749999999727,2018,trump1
2018-12-11,SHORT,0.013554502369668153,1,8.01974999999993,385.98749999999654,2018,trump1
2018-12-14,LONG,-0.009233958352963367,1,7.886249999999563,379.3124999999782,2018,trump1
2018-12-21,SHORT,0.006288032454361048,1,7.441499999999905,357.07499999999527,2018,trump1
2018-12-24,LONG,-0.00733319562073953,1,7.20824999999968,345.412499999984,2018,trump1
2018-12-26,SHORT,0.011734585022402433,-1,-9.483999999999924,-489.1999999999962,2018,trump1
2018-12-27,LONG,-0.013659819892745118,1,7.310999999999694,350.5499999999847,2018,trump1
2018-12-28,SHORT,0.006222400642312387,1,7.51949999999988,360.974999999994,2018,trump1
2018-12-31,SHORT,0.006938159879336325,0,-4.0,-215.0,2018,trump1
2019-01-02,LONG,-0.016537158796573026,1,7.403999999999542,355.1999999999771,2019,trump1
2019-01-08,SHORT,0.009009009009008917,-1,-10.304000000000087,-530.2000000000044,2019,trump1
2019-01-10,LONG,-0.007626955010619829,0,-0.75,-52.5,2019,trump1
2019-01-11,LONG,-0.005282873883392547,-1,-10.356000000000222,-532.8000000000111,2019,trump1
2019-01-14,LONG,-0.00798076923076918,0,-0.5,-40.0,2019,trump1
2019-01-18,SHORT,0.009958270106221523,-1,-10.648999999999887,-547.4499999999944,2019,trump1
2019-01-25,SHORT,0.0074768124171871175,-1,-10.644999999999982,-547.2499999999991,2019,trump1
2019-01-28,LONG,-0.007321881160236576,-1,-10.574999999999818,-543.7499999999909,2019,trump1
2019-01-30,SHORT,0.0062529606821410955,0,0.5,10.0,2019,trump1
2019-02-07,LONG,-0.006854949273375377,0,-3.75,-202.5,2019,trump1
2019-02-08,LONG,-0.0053614346459603945,1,8.069999999999709,388.49999999998545,2019,trump1
2019-02-12,SHORT,0.0066334991708125735,0,-2.5,-140.0,2019,trump1
2019-02-13,SHORT,0.005193148688046545,-1,-11.032999999999902,-566.6499999999951,2019,trump1
2019-02-15,SHORT,0.007546826695762787,0,5.0,235.0,2019,trump1
2019-03-01,SHORT,0.006900259879917492,0,0.0,-15.0,2019,trump1
2019-03-08,LONG,-0.009337322092285327,1,8.195999999999913,394.79999999999563,2019,trump1
2019-03-22,LONG,-0.0054176861237329454,1,8.536499999999705,411.82499999998527,2019,trump1
2019-04-01,SHORT,0.007563764291996566,0,-3.75,-202.5,2019,trump1
2019-04-09,LONG,-0.005682307361170924,0,-3.5,-190.0,2019,trump1
2019-04-10,SHORT,0.005903802743531861,1,8.689499999999953,419.47499999999764,2019,trump1
2019-04-17,SHORT,0.005838413325319758,1,8.78625000000011,424.31250000000546,2019,trump1
2019-05-03,SHORT,0.007096443228454152,1,8.834249999999884,426.7124999999942,2019,trump1
2019-05-06,LONG,-0.014512433166426253,1,8.708999999999833,420.44999999999163,2019,trump1
2019-05-07,LONG,-0.0068166325835037345,-1,-11.655999999999949,-597.7999999999975,2019,trump1
2019-05-09,LONG,-0.007464629806440359,1,8.576249999999618,413.8124999999809,2019,trump1
2019-05-15,LONG,-0.007658450704225328,1,8.454749999999876,407.7374999999938,2019,trump1
2019-05-17,LONG,-0.010405827263267442,1,8.558999999999742,412.9499999999871,2019,trump1
2019-05-20,LONG,-0.00828753380441416,0,4.25,197.5,2019,trump1
2019-05-23,LONG,-0.00892388451443571,-1,-11.327999999999975,-581.3999999999987,2019,trump1
2019-05-29,LONG,-0.006937033084311595,-1,-11.166000000000167,-573.3000000000084,2019,trump1
2019-05-31,LONG,-0.01190156599552572,0,-1.25,-77.5,2019,trump1
2019-06-11,SHORT,0.006917423259835687,1,8.733749999999873,421.68749999999363,2019,trump1
2019-07-01,SHORT,0.012741017582604375,0,5.25,247.5,2019,trump1
2019-07-30,LONG,-0.00619937179699126,1,9.017249999999876,435.8624999999938,2019,trump1
2019-08-05,LONG,-0.017041581458759336,-1,-11.536000000000058,-591.8000000000029,2019,trump1
2019-08-06,SHORT,0.007472527472527579,0,-3.75,-202.5,2019,trump1
2019-08-07,LONG,-0.011886170397362505,-1,-11.389000000000124,-584.4500000000062,2019,trump1
2019-08-08,SHORT,0.005375877915546612,0,-5.5,-290.0,2019,trump1
2019-08-12,LONG,-0.005653589172520124,0,-5.0,-265.0,2019,trump1
2019-08-14,LONG,-0.014439507860560474,0,-4.0,-215.0,2019,trump1
2019-08-16,SHORT,0.006495786516854007,0,-4.75,-252.5,2019,trump1
2019-08-21,SHORT,0.008445363667700878,0,0.0,-15.0,2019,trump1
2019-08-27,SHORT,0.005033848290227461,0,3.0,135.0,2019,trump1
2019-08-29,SHORT,0.009781009261663698,0,-2.5,-140.0,2019,trump1
2019-08-30,SHORT,0.0057269852124113285,0,2.5,110.0,2019,trump1
2019-09-04,SHORT,0.008516129032257957,0,0.75,22.5,2019,trump1
2019-09-05,SHORT,0.009869820471368973,-1,-11.869000000000142,-608.4500000000071,2019,trump1
2019-10-02,LONG,-0.005950357021421326,-1,-11.69399999999996,-599.699999999998,2019,trump1
2019-10-09,SHORT,0.006995422748078406,0,4.75,222.5,2019,trump1
2019-10-11,SHORT,0.010208421948107116,-1,-11.875,-608.75,2019,trump1
2019-10-21,SHORT,0.005276381909547823,0,3.0,135.0,2019,trump1
2019-11-04,SHORT,0.006036381434048499,0,4.25,197.5,2019,trump1
2019-11-11,LONG,-0.005090909090909146,0,6.25,297.5,2019,trump1
2019-12-03,LONG,-0.010028883183568649,-1,-12.338999999999942,-631.9499999999971,2019,trump1
2019-12-06,SHORT,0.006090231589069628,0,-7.75,-402.5,2019,trump1
2019-12-16,SHORT,0.006073034150958279,0,-5.25,-277.5,2019,trump1
2019-12-20,SHORT,0.0053050397877985045,0,0.0,-15.0,2019,trump1
2020-01-02,SHORT,0.005107963779893199,0,-2.75,-152.5,2020,trump1
2020-01-03,LONG,-0.011279060845545974,1,9.664499999999862,468.2249999999931,2020,trump1
2020-01-06,LONG,-0.006029684601113194,1,9.643499999999676,467.1749999999838,2020,trump1
2020-01-09,SHORT,0.005608912792931298,0,5.0,235.0,2020,trump1
2020-02-04,SHORT,0.011776477832512233,0,-6.25,-327.5,2020,trump1
2020-02-05,SHORT,0.009708737864077666,0,0.5,10.0,2020,trump1
2020-02-18,LONG,-0.005827677781056306,0,3.5,160.0,2020,trump1
2020-02-24,LONG,-0.030191789032064764,1,9.708749999999782,470.4374999999891,2020,trump1
2020-03-02,SHORT,0.027470628887353188,1,8.920500000000175,431.02500000000873,2020,trump1
2020-03-04,SHORT,0.015195791934541125,-1,-12.159000000000106,-622.9500000000053,2020,trump1
2020-03-05,LONG,-0.028445512820512775,1,9.093749999999545,439.68749999997726,2020,trump1
2020-03-09,LONG,-0.07019020366941597,-1,-11.04800000000023,-567.4000000000115,2020,trump1
2020-03-10,SHORT,0.03399433427762033,1,8.486249999999927,409.31249999999636,2020,trump1
2020-03-11,LONG,-0.02377634558439301,-1,-11.208999999999833,-575.4499999999916,2020,trump1
2020-03-16,LONG,-0.07905686546463242,-1,-9.960000000000036,-513.0000000000018,2020,trump1
2020-03-17,SHORT,0.03461049957662987,-1,-9.775000000000091,-503.75000000000455,2020,trump1
2020-03-19,LONG,-0.007791398296280949,-1,-9.55099999999993,-492.54999999999654,2020,trump1
2020-03-20,SHORT,0.0051904910204505494,1,7.262250000000222,348.1125000000111,2020,trump1
2020-03-26,SHORT,0.013105760438890668,-1,-9.972000000000207,-513.6000000000104,2020,trump1
2020-03-27,LONG,-0.03487926408585662,1,7.553999999999633,362.6999999999816,2020,trump1
2020-03-30,SHORT,0.012192704203013438,-1,-10.210999999999785,-525.5499999999893,2020,trump1
2020-04-07,SHORT,0.03114414753481376,1,8.219250000000102,395.9625000000051,2020,trump1
2020-04-08,SHORT,0.012668998770918094,-1,-10.710999999999785,-550.5499999999893,2020,trump1
2020-04-09,SHORT,0.01482023602598126,1,8.319750000000113,400.98750000000564,2020,trump1
2020-04-13,LONG,-0.006564748201438819,-1,-11.047000000000025,-567.3500000000013,2020,trump1
2020-04-14,SHORT,0.018648230692258627,1,8.398499999999785,404.92499999998927,2020,trump1
2020-04-15,LONG,-0.025378921395840637,1,8.294999999999618,399.7499999999809,2020,trump1
2020-04-17,SHORT,0.01954280591662938,1,8.52975000000015,411.48750000000746,2020,trump1
2020-04-20,LONG,-0.012333799860042016,1,8.468249999999898,408.4124999999949,2020,trump1
2020-04-22,SHORT,0.016685001833516733,-1,-11.090000000000146,-569.5000000000073,2020,trump1
2020-04-27,SHORT,0.007425742574257432,1,8.547000000000025,412.3500000000013,2020,trump1
2020-04-28,SHORT,0.016247379454926714,1,8.725500000000011,421.27500000000055,2020,trump1
2020-04-29,SHORT,0.023989455184534325,1,8.739750000000186,421.9875000000093,2020,trump1
2020-04-30,LONG,-0.005119890775663438,-1,-11.659000000000106,-597.9500000000053,2020,trump1
2020-05-01,LONG,-0.01977473991918155,-1,-11.40099999999984,-585.049999999992,2020,trump1
2020-05-04,LONG,-0.009471541117110682,-1,-11.190000000000055,-574.5000000000027,2020,trump1
2020-05-05,SHORT,0.013629524736702425,1,8.589750000000095,414.48750000000473,2020,trump1
2020-05-07,SHORT,0.012147887323943563,1,8.62350000000015,416.17500000000746,2020,trump1
2020-05-08,SHORT,0.016605488550952563,1,8.72400000000016,421.200000000008,2020,trump1
2020-05-11,LONG,-0.012154412394076886,1,8.655749999999898,417.7874999999949,2020,trump1
2020-05-13,LONG,-0.007058823529411784,1,8.54549999999972,412.274999999986,2020,trump1
2020-05-14,LONG,-0.010595672691657065,1,8.333999999999833,401.69999999999163,2020,trump1
2020-05-15,LONG,-0.009334272631208118,1,8.437499999999545,406.87499999997726,2020,trump1
2020-05-18,SHORT,0.020636586218957698,-1,-11.672000000000025,-598.6000000000013,2020,trump1
2020-05-20,SHORT,0.016252472267606954,0,-9.75,-502.5,2020,trump1
2020-05-25,SHORT,0.01495708336874313,1,8.95724999999993,432.86249999999654,2020,trump1
2020-05-26,SHORT,0.008947984612811544,1,9.048749999999927,437.43749999999636,2020,trump1
2020-05-27,SHORT,0.010579345088161274,1,9.027000000000044,436.3500000000022,2020,trump1
2020-05-28,SHORT,0.014499999999999957,1,9.130500000000211,441.52500000001055,2020,trump1
2020-06-03,SHORT,0.0075597463827019595,1,9.296249999999873,449.81249999999363,2020,trump1
2020-06-04,LONG,-0.006815266196279701,1,9.29024999999956,449.512499999978,2020,trump1
2020-06-05,SHORT,0.020362173038229292,1,9.508499999999913,460.42499999999563,2020,trump1
2020-06-08,SHORT,0.007002360346184178,1,9.599250000000211,464.96250000001055,2020,trump1
2020-06-16,SHORT,0.031416182606561316,1,9.455249999999978,457.7624999999989,2020,trump1
2020-06-18,LONG,-0.006017329910141256,-1,-12.389000000000124,-634.4500000000062,2020,trump1
2020-06-19,SHORT,0.006023612561240066,1,9.39449999999988,454.724999999994,2020,trump1
2020-06-23,SHORT,0.012272910779168367,1,9.402750000000196,455.1375000000098,2020,trump1
2020-06-29,SHORT,0.007186429347372014,1,9.039749999999913,436.98749999999563,2020,trump1
2020-07-02,SHORT,0.015267792228774502,1,9.42599999999993,456.29999999999654,2020,trump1
2020-07-06,SHORT,0.01540683678382293,1,9.490499999999884,459.5249999999942,2020,trump1
2020-07-09,SHORT,0.0055559965076592555,1,9.501749999999902,460.0874999999951,2020,trump1
2020-07-13,SHORT,0.007952129753562742,1,9.601500000000215,465.07500000001073,2020,trump1
2020-07-15,SHORT,0.010978670012547154,1,9.668999999999869,468.44999999999345,2020,trump1
2020-07-16,LONG,-0.009244154431756413,1,9.565499999999702,463.2749999999851,2020,trump1
2020-07-24,LONG,-0.010375532326751813,1,9.585749999999734,464.2874999999867,2020,trump1
2020-07-30,LONG,-0.006636314530442111,-1,-12.873000000000047,-658.6500000000024,2020,trump1
2020-07-31,SHORT,0.005866008027168856,1,9.773999999999887,473.69999999999436,2020,trump1
2020-08-12,SHORT,0.007737379807692291,0,2.25,97.5,2020,trump1
2020-08-13,LONG,-0.005558025789239696,1,10.064249999999447,488.21249999997235,2020,trump1
2020-08-17,SHORT,0.006329113924050667,1,10.136250000000018,491.8125000000009,2020,trump1
2020-08-20,LONG,-0.006246281975014867,1,10.022999999999683,486.1499999999842,2020,trump1
2020-08-24,SHORT,0.005009208103130769,0,-3.75,-202.5,2020,trump1
2020-09-14,SHORT,0.010105546822366973,1,10.120499999999993,491.02499999999964,2020,trump1
2020-09-21,LONG,-0.017383417731086093,1,9.750749999999698,472.5374999999849,2020,trump1
2020-09-22,SHORT,0.0071258907363420665,1,9.858000000000175,477.90000000000873,2020,trump1
2020-09-24,LONG,-0.006972960409080353,1,9.612749999999778,465.6374999999889,2020,trump1
2020-09-28,SHORT,0.013840304182509477,1,9.998999999999796,484.9499999999898,2020,trump1
2020-10-01,SHORT,0.011077015193473594,1,10.131750000000011,491.58750000000055,2020,trump1
2020-10-02,LONG,-0.01587419330910167,1,9.950249999999414,482.5124999999707,2020,trump1
2020-10-07,SHORT,0.009554377845786277,0,-6.25,-327.5,2020,trump1
2020-10-08,SHORT,0.00882742386346913,1,10.285499999999956,499.2749999999978,2020,trump1
2020-10-09,SHORT,0.005454545454545379,1,10.368750000000091,503.43750000000455,2020,trump1
2020-10-12,SHORT,0.011205899363794014,1,10.490249999999833,509.51249999999163,2020,trump1
2020-10-15,LONG,-0.01587415601206721,1,10.275749999999789,498.78749999998945,2020,trump1
2020-10-16,SHORT,0.007360369461682836,1,10.4699999999998,508.49999999999,2020,trump1
2020-10-26,LONG,-0.010554471192076864,0,3.75,172.5,2020,trump1
2020-10-28,LONG,-0.02098573856498931,1,9.936749999999847,481.83749999999236,2020,trump1
2020-10-30,LONG,-0.008610271903323308,1,9.844499999999698,477.2249999999849,2020,trump1
2020-11-03,SHORT,0.013515565679574681,1,10.010999999999967,485.54999999999836,2020,trump1
2020-11-04,SHORT,0.0065320665083135054,-1,-13.559999999999945,-692.9999999999973,2020,trump1
2020-11-05,SHORT,0.013682678311499163,-1,-13.927999999999884,-711.3999999999942,2020,trump1
2020-11-09,SHORT,0.03719568787035055,1,10.896000000000186,529.8000000000093,2020,trump1
2020-11-10,LONG,-0.008177075990413063,1,10.552499999999782,512.6249999999891,2020,trump1
2020-11-12,LONG,-0.005186431174656558,0,4.0,185.0,2020,trump1
2020-11-13,SHORT,0.005660110372152305,0,-7.75,-402.5,2020,trump1
2020-11-16,SHORT,0.012619181155356207,1,10.833000000000084,526.6500000000042,2020,trump1
2020-11-23,SHORT,0.005487547488391753,-1,-14.291999999999916,-729.5999999999958,2020,trump1
2020-11-27,SHORT,0.005804712874023954,1,10.916250000000218,530.8125000000109,2020,trump1
2020-12-08,LONG,-0.005825768866007275,1,11.006999999999607,535.3499999999804,2020,trump1
2020-12-10,LONG,-0.009038396194359533,1,10.936499999999796,531.8249999999898,2020,trump1
2020-12-11,LONG,-0.005938566552901037,1,10.922249999999622,531.1124999999811,2020,trump1
2020-12-14,SHORT,0.011316872427983515,0,-2.25,-127.5,2020,trump1
2020-12-15,SHORT,0.009618687736173026,1,11.021250000000236,536.0625000000118,2020,trump1
2020-12-21,LONG,-0.013891698698496158,1,10.967249999999694,533.3624999999847,2020,trump1
2020-12-28,SHORT,0.008124026809288365,1,11.168250000000171,543.4125000000085,2020,trump1
2021-01-11,LONG,-0.006435090944907795,1,11.348249999999553,552.4124999999776,2021,trump1
2021-01-14,SHORT,0.005011539729640635,1,11.430749999999989,556.5374999999995,2021,trump1
2021-01-20,SHORT,0.006661829694611265,1,11.446500000000015,557.3250000000007,2021,biden
2021-01-22,LONG,-0.005199870003249951,0,9.75,472.5,2021,biden
2021-02-02,SHORT,0.011986415395884631,-1,-15.197000000000116,-774.8500000000058,2021,biden
2021-02-03,SHORT,0.005319148936170137,1,11.48174999999992,559.087499999996,2021,biden
2021-02-11,SHORT,0.006166495375128367,1,11.748000000000047,572.4000000000024,2021,biden
2021-02-15,SHORT,0.009654731457800603,0,-1.5,-90.0,2021,biden
2021-02-17,LONG,-0.005028964287987825,-1,-15.63000000000011,-796.5000000000055,2021,biden
2021-02-19,SHORT,0.006025254791359513,1,11.771250000000236,573.5625000000118,2021,biden
2021-02-22,LONG,-0.005073208322630363,1,11.619749999999385,565.9874999999693,2021,biden
2021-02-23,LONG,-0.009033423667569984,-1,-15.358000000000175,-782.9000000000087,2021,biden
2021-02-26,SHORT,0.009580052493438407,1,11.539499999999862,561.9749999999931,2021,biden
2021-03-19,LONG,-0.006509253350351019,1,11.675999999999476,568.7999999999738,2021,biden
2021-04-01,SHORT,0.00524320909665188,0,-9.0,-465.0,2021,biden
2021-04-08,SHORT,0.005665373483588976,1,12.248250000000098,597.4125000000049,2021,biden
2021-04-15,SHORT,0.005279126213592278,0,-2.0,-115.0,2021,biden
2021-04-29,SHORT,0.005627731545231329,0,3.0,135.0,2021,biden
2021-04-30,LONG,-0.005649717514124242,0,8.5,410.0,2021,biden
2021-05-05,SHORT,0.0070686321894635196,0,1.75,72.5,2021,biden
2021-05-11,LONG,-0.01703017627726322,1,12.337499999999636,601.8749999999818,2021,biden
2021-05-12,LONG,-0.005136572395455619,0,-15.25,-777.5,2021,biden
2021-05-13,SHORT,0.008229179556985544,-1,-16.295000000000073,-829.7500000000036,2021,biden
2021-05-19,LONG,-0.012582056892779026,1,12.18374999999969,594.1874999999845,2021,biden
2021-05-25,SHORT,0.005257812033219844,1,12.618749999999636,615.9374999999818,2021,biden
2021-06-01,SHORT,0.0066209364747986665,1,12.657000000000153,617.8500000000076,2021,biden
2021-06-03,LONG,-0.00826151560178301,-1,-16.685999999999694,-849.2999999999847,2021,biden
2021-06-10,SHORT,0.005416666666666625,-1,-16.89099999999962,-859.5499999999811,2021,biden
2021-06-18,LONG,-0.01107164002368266,-1,-16.70300000000043,-850.1500000000215,2021,biden
2021-06-21,SHORT,0.005915016900048364,-1,-16.666000000000167,-848.3000000000084,2021,biden
2021-06-24,SHORT,0.005138806851742395,0,0.0,-15.0,2021,biden
2021-07-08,LONG,-0.013161675958388463,-1,-17.170000000000073,-873.5000000000036,2021,biden
2021-07-09,SHORT,0.007209302325581479,0,-10.25,-527.5,2021,biden
2021-07-19,LONG,-0.012097707802732116,-1,-17.067000000000007,-868.3500000000004,2021,biden
2021-07-21,SHORT,0.005342624854820066,0,-13.5,-690.0,2021,biden
2021-08-17,LONG,-0.008179271708683489,1,13.277999999999338,648.8999999999669,2021,biden
2021-08-19,LONG,-0.006768285746786451,1,13.097249999999804,639.8624999999902,2021,biden
2021-09-02,SHORT,0.00527338329170135,0,-0.5,-40.0,2021,biden
2021-09-17,LONG,-0.005977987597072465,-1,-17.79200000000037,-904.6000000000186,2021,biden
2021-09-21,SHORT,0.005129387355195636,-1,-17.4399999999996,-886.99999999998,2021,biden
2021-09-22,SHORT,0.005710330507008088,-1,-17.435999999999694,-886.7999999999847,2021,biden
2021-09-28,LONG,-0.005196859289385958,-1,-17.610999999999876,-895.5499999999938,2021,biden
2021-10-01,SHORT,0.005905396714026789,-1,-17.203999999999724,-875.1999999999862,2021,biden
2021-10-05,SHORT,0.005720289516693899,1,12.922499999999673,631.1249999999836,2021,biden
2021-10-06,LONG,-0.008765859284890376,1,12.890999999999622,629.5499999999811,2021,biden
2021-10-07,SHORT,0.007982083381187444,-1,-17.552999999999884,-892.6499999999942,2021,biden
2021-10-15,SHORT,0.005193045834274157,1,13.355999999999767,652.7999999999884,2021,biden
2021-10-19,SHORT,0.007511210762331855,0,2.75,122.5,2021,biden
2021-11-26,LONG,-0.018117097014132444,1,13.860749999999825,678.0374999999913,2021,biden
2021-11-29,SHORT,0.01720547945205486,1,13.922999999999774,681.1499999999887,2021,biden
2021-12-14,LONG,-0.0059517426273458796,1,13.904249999999593,680.2124999999796,2021,biden
2021-12-17,LONG,-0.005430107526881667,-1,-18.498999999999796,-939.9499999999898,2021,biden
2021-12-20,LONG,-0.014267115113377415,1,13.628249999999753,666.4124999999876,2021,biden
2021-12-21,SHORT,0.009835164835164889,1,13.784249999999702,674.2124999999851,2021,biden
2022-01-10,LONG,-0.00749665327978577,-1,-18.534999999999854,-941.7499999999927,2022,biden
2022-01-12,SHORT,0.005374913522431024,0,-9.25,-477.5,2022,biden
2022-01-24,LONG,-0.0182419336449664,1,12.91649999999936,630.824999999968,2022,biden
2022-01-25,LONG,-0.016136363636363615,1,12.98699999999917,634.3499999999585,2022,biden
2022-01-26,SHORT,0.014735509123352308,1,13.221749999999702,646.0874999999851,2022,biden
2022-01-27,SHORT,0.011250865451188474,-1,-17.527000000000044,-891.3500000000022,2022,biden
2022-02-02,SHORT,0.005623862821855896,1,13.679250000000138,668.9625000000069,2022,biden
2022-02-09,SHORT,0.009761508596783042,0,-1.5,-90.0,2022,biden
2022-02-10,LONG,-0.014302871492520963,1,13.541999999999462,662.0999999999731,2022,biden
2022-02-15,SHORT,0.01063769270151882,-1,-17.76599999999962,-903.2999999999811,2022,biden
2022-02-17,LONG,-0.005771278085952791,-1,-17.743999999999687,-902.1999999999844,2022,biden
2022-02-21,LONG,-0.005292222733548124,-1,-17.29200000000037,-879.6000000000186,2022,biden
2022-02-23,SHORT,0.006988527167899328,1,12.968249999999898,633.4124999999949,2022,biden
2022-02-24,LONG,-0.028119820033151832,1,12.312749999999141,600.6374999999571,2022,biden
2022-02-28,LONG,-0.01109332113449224,1,12.970499999999447,633.5249999999724,2022,biden
2022-03-10,LONG,-0.013793909638202151,1,12.654749999999694,617.7374999999847,2022,biden
2022-03-16,SHORT,0.009937084729817025,-1,-17.176000000000386,-873.8000000000193,2022,biden
2022-03-18,LONG,-0.005834371813753236,1,13.163249999999607,643.1624999999804,2022,biden
2022-04-11,LONG,-0.008134611098729705,0,-0.5,-40.0,2022,biden
2022-04-12,SHORT,0.007258293166997554,-1,-17.76299999999992,-903.149999999996,2022,biden
2022-04-20,SHORT,0.0052702399641175735,1,13.447500000000218,657.3750000000109,2022,biden
2022-04-21,SHORT,0.008583450210378762,0,-6.75,-352.5,2022,biden
2022-04-28,SHORT,0.01241939336040132,1,12.716999999999643,620.8499999999822,2022,biden
2022-05-06,LONG,-0.0080722891566265,-1,-16.46600000000035,-838.3000000000175,2022,biden
2022-05-10,SHORT,0.02225844880556771,1,12.228000000000065,596.4000000000033,2022,biden
2022-05-13,SHORT,0.010368956743002533,-1,-15.88299999999981,-809.1499999999905,2022,biden
2022-05-17,SHORT,0.01572444777236992,1,12.208500000000186,595.4250000000093,2022,biden
2022-05-18,LONG,-0.010596594389317704,-1,-16.152999999999793,-822.6499999999896,2022,biden
2022-05-20,SHORT,0.009231952814463318,0,10.5,510.0,2022,biden
2022-05-23,SHORT,0.007948717948717876,1,11.79300000000012,574.650000000006,2022,biden
2022-05-24,LONG,-0.011948182618538583,-1,-15.711999999999989,-800.5999999999995,2022,biden
2022-06-01,SHORT,0.0059894730473712965,1,12.471000000000458,608.5500000000229,2022,biden
2022-06-06,SHORT,0.010832521908471282,1,12.457500000000437,607.8750000000218,2022,biden
2022-06-13,LONG,-0.027893288977032804,1,11.396249999999782,554.8124999999891,2022,biden
2022-06-20,SHORT,0.0075505067682470894,-1,-14.811999999999898,-755.5999999999949,2022,biden
2022-06-21,SHORT,0.005449407965554265,-1,-14.945000000000164,-762.2500000000082,2022,biden
2022-06-22,LONG,-0.015400885716174262,1,11.17199999999957,543.5999999999785,2022,biden
2022-06-23,SHORT,0.009639034767001231,1,11.391000000000076,554.5500000000038,2022,biden
2022-06-28,SHORT,0.0051278764181783565,-1,-15.68100000000004,-799.050000000002,2022,biden
2022-07-05,LONG,-0.006883440409073072,-1,-15.148999999999887,-772.4499999999944,2022,biden
2022-07-11,LONG,-0.0073680164018452565,-1,-15.492999999999938,-789.6499999999969,2022,biden
2022-07-13,LONG,-0.014653931702211187,1,11.296499999999469,549.8249999999734,2022,biden
2022-07-14,LONG,-0.0076255587693926374,-1,-15.096000000000004,-769.8000000000002,2022,biden
2022-07-18,SHORT,0.012288190402276467,1,11.739000000000033,571.9500000000016,2022,biden
2022-07-19,SHORT,0.011430798207443083,1,11.679749999999785,568.9874999999893,2022,biden
2022-07-25,SHORT,0.005989156474593305,-1,-15.95699999999988,-812.849999999994,2022,biden
2022-07-27,SHORT,0.013956156003058773,1,11.933250000000044,581.6625000000022,2022,biden
2022-08-04,LONG,-0.005087383289442138,1,12.467249999999694,608.3624999999847,2022,biden
2022-08-05,LONG,-0.010895082164569914,1,12.323999999999614,601.1999999999807,2022,biden
2022-08-10,SHORT,0.01793939393939392,1,12.596999999999753,614.8499999999876,2022,biden
2022-08-18,SHORT,0.005087421788199542,1,12.890999999999622,629.5499999999811,2022,biden
2022-08-19,LONG,-0.006675567423230944,-1,-17.11200000000008,-870.600000000004,2022,biden
2022-08-22,LONG,-0.012815969761398538,1,12.5362499999992,611.81249999996,2022,biden
2022-08-25,SHORT,0.0077828054298643146,1,12.528000000000247,611.4000000000124,2022,biden
2022-08-30,SHORT,0.007688492063492092,1,12.18899999999985,594.4499999999925,2022,biden
2022-08-31,SHORT,0.008592035120727592,1,12.061499999999796,588.0749999999898,2022,biden
2022-09-08,LONG,-0.010569105691056957,1,11.86574999999948,578.287499999974,2022,biden
2022-09-12,SHORT,0.00958643151232108,1,12.321750000000065,601.0875000000033,2022,biden
2022-09-15,SHORT,0.008552423186569458,1,11.940000000000055,582.0000000000027,2022,biden
2022-09-16,LONG,-0.011924499426093638,1,11.62124999999969,566.0624999999845,2022,biden
2022-09-19,LONG,-0.008936033429765344,1,11.561999999999443,563.0999999999722,2022,biden
2022-09-21,SHORT,0.013551884357253519,1,11.779500000000098,573.9750000000049,2022,biden
2022-09-22,LONG,-0.012102283818075321,1,11.387249999999767,554.3624999999884,2022,biden
2022-09-23,LONG,-0.017623462878937346,1,11.204249999999774,545.2124999999887,2022,biden
2022-09-27,SHORT,0.01777444837918818,1,11.208750000000236,545.4375000000118,2022,biden
2022-09-29,LONG,-0.010831284470728897,-1,-14.885999999999967,-759.2999999999984,2022,biden
2022-09-30,LONG,-0.009782608695652173,1,10.931999999999789,531.5999999999894,2022,biden
2022-10-03,SHORT,0.009782309176081583,1,10.99350000000004,534.675000000002,2022,biden
2022-10-11,LONG,-0.013140784340565315,1,10.814249999999447,525.7124999999724,2022,biden
2022-10-13,LONG,-0.02142659662703894,-1,-14.157999999999902,-722.8999999999951,2022,biden
2022-10-14,SHORT,0.006925583921781664,-1,-14.829999999999927,-756.4999999999964,2022,biden
2022-10-17,SHORT,0.009440463065049531,-1,-14.648999999999887,-747.4499999999944,2022,biden
2022-10-18,SHORT,0.02271047503863466,1,11.415750000000116,555.7875000000058,2022,biden
2022-10-27,SHORT,0.011191359229618003,1,11.655749999999898,567.7874999999949,2022,biden
2022-11-02,SHORT,0.006140124095139532,1,11.675250000000233,568.7625000000116,2022,biden
2022-11-10,SHORT,0.04532445923460893,1,11.779500000000098,573.9750000000049,2022,biden
2022-11-14,LONG,-0.013758368650574337,-1,-16.05699999999979,-817.8499999999894,2022,biden
2022-11-15,SHORT,0.014422471343997989,-1,-16.10699999999997,-820.3499999999985,2022,biden
2022-11-17,LONG,-0.013492410519083009,-1,-15.79300000000012,-804.650000000006,2022,biden
2022-11-18,SHORT,0.009869669745666165,-1,-15.961999999999989,-813.0999999999995,2022,biden
2022-11-22,SHORT,0.005827432796541077,-1,-16.052000000000135,-817.6000000000067,2022,biden
2022-11-24,SHORT,0.010720039657950098,1,12.233250000000226,596.6625000000113,2022,biden
2022-11-28,LONG,-0.008365867261572735,1,12.001499999999396,585.0749999999698,2022,biden
2022-11-29,SHORT,0.008059945847238792,1,12.006750000000011,585.3375000000005,2022,biden
2022-12-01,LONG,-0.005060240963855378,-1,-16.51599999999962,-840.7999999999811,2022,biden
2022-12-02,LONG,-0.01300121506682872,-1,-16.246000000000095,-827.3000000000047,2022,biden
2022-12-05,LONG,-0.007238819704312616,1,12.137249999999767,591.8624999999884,2022,biden
2022-12-08,SHORT,0.012318242428090764,1,11.95724999999993,582.8624999999965,2022,biden
2022-12-14,LONG,-0.008939580764488309,1,12.056249999999636,587.8124999999818,2022,biden
2022-12-15,LONG,-0.0058757344668083356,-1,-15.903999999999996,-810.1999999999998,2022,biden
2022-12-16,LONG,-0.007760252365930587,-1,-15.726999999999862,-801.3499999999931,2022,biden
2022-12-20,LONG,-0.010573141641415762,1,11.51024999999936,560.512499999968,2022,biden
2022-12-21,SHORT,0.0161740824943164,1,11.733000000000175,571.6500000000087,2022,biden
2022-12-29,SHORT,0.007355355618309689,-1,-15.338999999999942,-781.9499999999971,2022,biden
2022-12-30,LONG,-0.007295500032280966,1,11.531999999999698,561.5999999999849,2022,biden
2023-01-03,SHORT,0.005114923923599912,-1,-15.523999999999887,-791.1999999999944,2023,biden
2023-01-04,SHORT,0.006307302165290407,-1,-15.476000000000113,-788.8000000000056,2023,biden
2023-01-06,SHORT,0.007508090614886775,1,11.67450000000008,568.725000000004,2023,biden
2023-01-09,SHORT,0.005936801787424173,-1,-15.75799999999981,-802.8999999999905,2023,biden
2023-01-13,LONG,-0.008619074386359338,1,11.904749999999694,580.2374999999847,2023,biden
2023-01-19,LONG,-0.013949981148674073,1,11.768999999999778,573.4499999999889,2023,biden
2023-01-20,LONG,-0.005504238896621549,1,11.789249999999356,574.4624999999678,2023,biden
2023-01-24,LONG,-0.013079521031624242,1,12.053999999999633,587.6999999999816,2023,biden
2023-01-25,LONG,-0.019547578067371507,1,11.962499999999636,583.1249999999818,2023,biden
2023-01-26,SHORT,0.006571605703657779,-1,-16.235999999999876,-826.7999999999938,2023,biden
2023-01-27,LONG,-0.010350076103500805,1,12.1912499999994,594.56249999997,2023,biden
2023-01-30,LONG,-0.015898058252427183,1,12.163499999999658,593.1749999999829,2023,biden
2023-01-31,SHORT,0.011351653123255367,1,12.228000000000065,596.4000000000033,2023,biden
2023-02-02,SHORT,0.019245899655026433,1,12.630750000000262,616.5375000000131,2023,biden
2023-02-08,LONG,-0.014531435349940724,1,12.461249999999382,608.0624999999691,2023,biden
2023-02-09,LONG,-0.01009980988593151,1,12.496499999999287,609.8249999999643,2023,biden
2023-02-13,LONG,-0.007371601208459255,1,12.320999999999913,601.0499999999956,2023,biden
2023-02-14,SHORT,0.006038502929570644,1,12.620249999999942,616.0124999999971,2023,biden
2023-02-15,LONG,-0.014406121107059633,1,12.365999999999985,603.2999999999993,2023,biden
2023-02-16,LONG,-0.022160004765592434,1,12.311249999999745,600.5624999999873,2023,biden
2023-02-21,LONG,-0.00748328528491693,1,12.135749999999462,591.7874999999731,2023,biden
2023-02-22,LONG,-0.008876101860920693,1,12.143249999999625,592.1624999999813,2023,biden
2023-03-02,LONG,-0.01427855711422843,1,11.804999999999382,575.2499999999691,2023,biden
2023-03-03,SHORT,0.023455628723737743,1,12.239250000000084,596.9625000000042,2023,biden
2023-03-14,SHORT,0.014536566540168439,1,11.829749999999876,576.4874999999938,2023,biden
2023-03-15,LONG,-0.0240185626489402,-1,-15.563000000000102,-793.1500000000051,2023,biden
2023-03-16,LONG,-0.021681415929203585,1,11.607749999999669,565.3874999999834,2023,biden
2023-03-20,LONG,-0.005657530802112176,1,11.863499999999476,578.1749999999738,2023,biden
2023-03-21,SHORT,0.008909524407077374,-1,-16.079999999999927,-818.9999999999964,2023,biden
2023-03-22,LONG,-0.007927728613569274,1,12.107249999999567,590.3624999999784,2023,biden
2023-03-28,LONG,-0.00934405940594063,1,12.006749999999556,585.3374999999778,2023,biden
2023-03-30,SHORT,0.01496766245765313,1,12.358500000000276,602.9250000000138,2023,biden
2023-03-31,SHORT,0.011517490657354745,1,12.383249999999862,604.1624999999931,2023,biden
2023-04-10,LONG,-0.008751810719459185,1,12.317249999999149,600.8624999999574,2023,biden
2023-04-11,LONG,-0.015332501337136706,1,12.426749999999629,606.3374999999814,2023,biden
2023-04-14,LONG,-0.010274379379973886,1,12.498749999999745,609.9374999999873,2023,biden
2023-04-20,LONG,-0.007599329822881806,1,12.438749999999345,606.9374999999673,2023,biden
2023-04-24,LONG,-0.010187667560321745,1,12.460499999999229,608.0249999999614,2023,biden
2023-04-25,LONG,-0.01429081814933908,1,12.415499999999156,605.7749999999578,2023,biden
2023-04-26,SHORT,0.010991023997068972,1,12.417749999999614,605.8874999999807,2023,biden
2023-05-04,SHORT,0.006208155812537974,1,12.399000000000342,604.9500000000171,2023,biden
2023-05-16,LONG,-0.012171837708830568,1,12.416999999999462,605.8499999999731,2023,biden
2023-05-19,LONG,-0.007409585416054076,1,12.659249999999702,617.9624999999851,2023,biden
2023-05-25,SHORT,0.008544418858320135,1,12.482250000000022,609.1125000000011,2023,biden
2023-05-29,LONG,-0.008106203007518742,1,12.664499999999862,618.2249999999931,2023,biden
2023-06-01,LONG,-0.009746012994684028,1,12.573749999999563,613.6874999999782,2023,biden
2023-06-02,SHORT,0.007383100902379036,-1,-17.192000000000007,-874.6000000000004,2023,biden
2023-06-14,LONG,-0.01966717095310133,1,13.121999999999389,641.0999999999694,2023,biden
2023-06-16,LONG,-0.014770149914255737,1,13.357499999999163,652.8749999999582,2023,biden
2023-06-19,SHORT,0.008808842506873082,1,13.484999999999673,659.2499999999836,2023,biden
2023-06-21,SHORT,0.006878664862426609,1,13.393500000000131,654.6750000000065,2023,biden
2023-06-22,SHORT,0.0074838417054088335,1,13.327500000000327,651.3750000000164,2023,biden
2023-06-28,LONG,-0.013102637325718147,1,13.21874999999909,645.9374999999545,2023,biden
2023-06-29,LONG,-0.01164352888490816,1,13.24199999999928,647.099999999964,2023,biden
2023-06-30,SHORT,0.017919531161951996,1,13.547999999999774,662.3999999999887,2023,biden
2023-07-03,LONG,-0.012392597488433577,1,13.448249999999462,657.4124999999731,2023,biden
2023-07-10,SHORT,0.0107708791518637,1,13.443000000000211,657.1500000000106,2023,biden
2023-07-11,LONG,-0.008902737591809484,1,13.358999999999469,652.9499999999734,2023,biden
2023-07-12,SHORT,0.008830762351889065,-1,-18.050000000000182,-917.5000000000091,2023,biden
2023-07-13,SHORT,0.013472306924654953,1,13.710000000000036,670.5000000000018,2023,biden
2023-07-24,SHORT,0.013913996165434206,1,13.881750000000466,679.0875000000233,2023,biden
2023-07-26,SHORT,0.009031064686360946,1,13.910249999999905,680.5124999999953,2023,biden
2023-07-27,SHORT,0.01922145049265067,1,14.197500000000218,694.8750000000109,2023,biden
2023-07-28,SHORT,0.01785323110624315,1,13.939500000000407,681.9750000000204,2023,biden
2023-08-16,LONG,-0.013090021631815385,1,13.344749999999294,652.2374999999647,2023,biden
2023-08-31,SHORT,0.023872679045092937,1,13.89599999999973,679.7999999999865,2023,biden
2023-09-04,SHORT,0.011661968717183502,1,13.728000000000065,671.4000000000033,2023,biden
2023-09-08,SHORT,0.011054374053083516,1,13.513500000000022,660.6750000000011,2023,biden
2023-09-11,SHORT,0.005995741342597727,-1,-17.95300000000043,-912.6500000000215,2023,biden
2023-09-15,SHORT,0.0068238557558946145,-1,-18.14800000000014,-922.4000000000069,2023,biden
2023-09-20,SHORT,0.0254954353150747,1,13.816499999999905,675.8249999999953,2023,biden
2023-09-21,LONG,-0.006803868645973932,1,13.24724999999944,647.362499999972,2023,biden
2023-09-28,LONG,-0.012551581843191162,1,12.92174999999952,631.087499999976,2023,biden
2023-09-29,SHORT,0.007260992335619276,-1,-17.47900000000027,-888.9500000000135,2023,biden
2023-10-04,SHORT,0.012727272727272698,1,12.950249999999869,632.5124999999935,2023,biden
2023-10-06,LONG,-0.006406149903907754,1,12.795749999999316,624.7874999999658,2023,biden
2023-10-09,LONG,-0.0157708950125256,1,12.965249999999287,633.2624999999643,2023,biden
2023-10-12,SHORT,0.011794726396370914,1,13.382249999999658,654.1124999999829,2023,biden
2023-10-17,LONG,-0.017925376489098643,1,13.107749999999214,640.3874999999607,2023,biden
2023-10-20,SHORT,0.0095315587585727,1,13.027500000000146,636.3750000000073,2023,biden
2023-10-27,LONG,-0.006488095238095237,1,12.51824999999917,610.9124999999585,2023,biden
2023-10-30,SHORT,0.0186080231996133,1,12.645000000000437,617.2500000000218,2023,biden
2023-11-02,SHORT,0.009004821936908103,1,13.02599999999984,636.299999999992,2023,biden
2023-11-03,SHORT,0.005883710198431036,-1,-17.438000000000102,-886.9000000000051,2023,biden
2023-11-13,LONG,-0.025275938189845526,1,13.246499999999287,647.3249999999643,2023,biden
2023-11-17,SHORT,0.011224151277231087,1,13.716749999999593,670.8374999999796,2023,biden
2023-11-21,LONG,-0.013496666485988351,1,13.649999999999636,667.4999999999818,2023,biden
2023-11-22,SHORT,0.026148099318830997,1,14.010000000000218,685.5000000000109,2023,biden
2023-11-24,SHORT,0.010012036327825768,1,13.845750000000407,677.2875000000204,2023,biden
2023-11-27,LONG,-0.012181916621548439,1,13.683749999999236,669.1874999999618,2023,biden
2023-11-30,LONG,-0.019907705516205243,1,13.698749999999563,669.9374999999782,2023,biden
2023-12-01,SHORT,0.009135628952916308,1,14.001000000000204,685.0500000000102,2023,biden
2023-12-05,SHORT,0.0073726175522910165,1,13.834499999999935,676.7249999999967,2023,biden
2023-12-07,SHORT,0.015474100087796261,1,13.879500000000007,678.9750000000004,2023,biden
2023-12-12,SHORT,0.009996757808278467,1,14.01825000000008,685.912500000004,2023,biden
2023-12-18,LONG,-0.008346726113328873,1,14.345999999999549,702.2999999999774,2023,biden
2023-12-21,SHORT,0.017834595959596022,1,14.51025000000027,710.5125000000135,2023,biden
2023-12-27,LONG,-0.010820512820512773,1,14.466749999999593,708.3374999999796,2023,biden
2024-01-02,LONG,-0.007747562852745027,-1,-19.338999999999942,-981.9499999999971,2024,biden
2024-01-08,SHORT,0.01161378873462482,1,14.37225000000035,703.6125000000175,2024,biden
2024-01-09,LONG,-0.0060391503540191405,1,14.318999999999505,700.9499999999753,2024,biden
2024-01-10,SHORT,0.011579386605466313,1,14.545500000000175,712.2750000000087,2024,biden
2024-01-11,LONG,-0.0097953741217498,1,14.480999999999767,709.0499999999884,2024,biden
2024-01-17,LONG,-0.017319587628865984,1,14.297999999999774,699.8999999999887,2024,biden
2024-01-18,LONG,-0.008134293559919126,1,14.357999999999265,702.8999999999633,2024,biden
2024-02-02,LONG,-0.010133440353165435,1,14.798999999999069,724.9499999999534,2024,biden
2024-02-05,LONG,-0.012524557956777982,-1,-20.104999999999563,-1020.2499999999782,2024,biden
2024-02-06,SHORT,0.013908486192300007,1,15.090000000000146,739.5000000000073,2024,biden
2024-02-07,SHORT,0.005020629318486902,1,15.163499999999658,743.1749999999829,2024,biden
2024-02-08,LONG,-0.011485753721778513,1,15.039749999999003,736.9874999999502,2024,biden
2024-02-12,LONG,-0.011564092512740154,1,15.128999999999905,741.4499999999953,2024,biden
2024-02-13,LONG,-0.013137254901960826,-1,-20.131999999999607,-1021.5999999999804,2024,biden
2024-02-14,SHORT,0.00512897872982343,-1,-19.988999999999578,-1014.4499999999789,2024,biden
2024-02-19,LONG,-0.01033820705951849,1,15.077249999999367,738.8624999999683,2024,biden
2024-02-20,SHORT,0.007164892029057679,1,15.181499999999687,744.0749999999844,2024,biden
2024-02-21,LONG,-0.013280475718533191,1,14.933999999999287,731.6999999999643,2024,biden
2024-02-22,SHORT,0.013311314617424852,-1,-20.248999999999796,-1027.4499999999898,2024,biden
2024-02-23,LONG,-0.008433910135233424,1,15.342749999999796,752.1374999999898,2024,biden
2024-02-26,LONG,-0.012193351720133583,1,15.311249999999745,750.5624999999873,2024,biden
2024-02-27,LONG,-0.01064916119620718,1,15.259499999999207,747.9749999999603,2024,biden
2024-02-28,SHORT,0.00859697386519942,1,15.39825000000019,754.9125000000095,2024,biden
2024-03-11,LONG,-0.013527674573687754,-1,-20.710000000000036,-1050.5000000000018,2024,biden
2024-03-12,SHORT,0.02718266556048987,1,15.786000000000058,774.3000000000029,2024,biden
2024-03-14,LONG,-0.011081920229281117,1,15.527249999999185,761.3624999999593,2024,biden
2024-03-18,SHORT,0.008929864362600792,-1,-20.902000000000044,-1060.1000000000022,2024,biden
2024-03-19,SHORT,0.009155841043094748,1,15.78899999999976,774.449999999988,2024,biden
2024-03-20,LONG,-0.010945461407812829,1,15.722999999999047,771.1499999999523,2024,biden
2024-03-28,LONG,-0.01071362027203282,1,15.928499999999076,781.4249999999538,2024,biden
2024-04-01,SHORT,0.010160880609652923,1,16.105499999999665,790.2749999999833,2024,biden
2024-04-08,LONG,-0.02007919869555086,1,15.775499999999738,773.7749999999869,2024,biden
2024-04-09,LONG,-0.007343595537353531,1,15.81524999999965,775.7624999999825,2024,biden
2024-04-17,LONG,-0.005924630924630914,1,15.352499999999054,752.6249999999527,2024,biden
2024-04-18,SHORT,0.013387343773156202,1,15.38550000000032,754.275000000016,2024,biden
2024-04-25,LONG,-0.024628635022015732,1,15.118499999999585,740.9249999999793,2024,biden
2024-04-26,SHORT,0.005558014854163629,-1,-20.444000000000415,-1037.2000000000207,2024,biden
2024-04-30,SHORT,0.008016324150998289,1,15.560999999999694,763.0499999999847,2024,biden
2024-05-03,SHORT,0.012235385511749852,-1,-20.847999999999956,-1057.3999999999978,2024,biden
2024-05-07,LONG,-0.0092592592592593,1,15.648749999999382,767.4374999999691,2024,biden
2024-05-14,LONG,-0.011166603844704137,1,15.740249999999833,772.0124999999916,2024,biden
2024-05-22,LONG,-0.012761235435546525,1,16.013999999999214,785.6999999999607,2024,biden
2024-06-06,LONG,-0.011142317786270062,1,16.107749999999214,790.3874999999607,2024,biden
2024-06-14,LONG,-0.027022174342400618,1,16.256999999999607,797.8499999999804,2024,biden
2024-06-21,SHORT,0.008791307876110155,1,16.782000000000153,824.1000000000076,2024,biden
2024-06-25,LONG,-0.009275855888152051,1,16.581749999999374,814.0874999999687,2024,biden
2024-06-28,SHORT,0.012859269954428543,1,16.83600000000024,826.800000000012,2024,biden
2024-07-01,SHORT,0.013624224867605061,1,16.795500000000175,824.7750000000087,2024,biden
2024-07-08,SHORT,0.01227321237993606,1,17.07300000000032,838.650000000016,2024,biden
2024-07-11,SHORT,0.011387118047922584,1,17.2529999999997,847.6499999999851,2024,biden
2024-07-19,SHORT,0.010771912573190878,1,16.96050000000014,833.0250000000069,2024,biden
2024-07-22,SHORT,0.01845599819941479,1,16.96875,833.4375,2024,biden
2024-07-24,LONG,-0.009401483050847426,-1,-22.44300000000021,-1137.1500000000106,2024,biden
2024-07-25,LONG,-0.011337970909747974,1,16.415249999999105,805.7624999999553,2024,biden
2024-07-26,SHORT,0.01741327819894334,1,16.608000000000175,815.4000000000087,2024,biden
2024-07-31,SHORT,0.011219045012997642,-1,-22.172999999999774,-1123.6499999999887,2024,biden
2024-08-01,LONG,-0.007473309608540979,1,16.73399999999947,821.6999999999734,2024,biden
2024-08-02,LONG,-0.014762313213850353,-1,-21.823999999999614,-1106.1999999999807,2024,biden
2024-08-06,SHORT,0.015519146687166696,1,15.851999999999862,777.5999999999931,2024,biden
2024-08-08,SHORT,0.009945015539086777,-1,-21.122999999999593,-1071.1499999999796,2024,biden
2024-08-09,SHORT,0.008180245874818803,1,16.176000000000386,793.8000000000193,2024,biden
2024-08-20,SHORT,0.010662875422072116,1,17.060999999999694,838.0499999999847,2024,biden
2024-08-21,SHORT,0.012542252268279652,1,17.074499999999716,838.7249999999858,2024,biden
2024-08-22,LONG,-0.007585057874429979,1,16.97624999999971,833.8124999999854,2024,biden
2024-08-23,SHORT,0.018082535135619082,1,17.0595000000003,837.9750000000149,2024,biden
2024-08-27,LONG,-0.013205229446345501,1,16.86974999999984,828.487499999992,2024,biden
2024-09-02,LONG,-0.010841056128693793,1,16.97099999999955,833.5499999999774,2024,biden
2024-09-09,SHORT,0.008217677136596047,1,16.563000000000102,813.1500000000051,2024,biden
2024-09-12,SHORT,0.01192243667611459,1,16.868999999999687,828.4499999999844,2024,biden
2024-09-13,SHORT,0.01223323511027763,1,17.003999999999905,835.1999999999953,2024,biden
2024-09-20,SHORT,0.016616380252743923,1,17.436749999999847,856.8374999999924,2024,biden
2024-09-26,SHORT,0.008061058228282292,1,17.63249999999971,866.6249999999854,2024,biden
2024-10-01,LONG,-0.017132704429121404,1,17.425499999999374,856.2749999999687,2024,biden
2024-10-02,SHORT,0.006379654543876345,1,17.391749999999774,854.5874999999887,2024,biden
2024-10-04,SHORT,0.007740476604626956,-1,-23.173999999999978,-1173.699999999999,2024,biden
2024-10-08,SHORT,0.005005440696409069,-1,-23.090000000000146,-1169.5000000000073,2024,biden
2024-10-15,LONG,-0.009758344850693157,1,17.732999999999265,871.6499999999633,2024,biden
2024-10-17,SHORT,0.006200628556867427,-1,-23.692000000000007,-1199.6000000000004,2024,biden
2024-10-18,SHORT,0.012739935450993611,1,17.886000000000422,879.3000000000211,2024,biden
2024-10-22,LONG,-0.005077846321708823,-1,-23.70799999999963,-1200.3999999999814,2024,biden
2024-10-28,SHORT,0.005461473327688315,1,17.811749999999847,875.5874999999924,2024,biden
2024-10-29,LONG,-0.011736890990458493,1,17.555999999999585,862.7999999999793,2024,biden
2024-11-04,SHORT,0.011164690038663716,1,17.457000000000335,857.8500000000167,2024,biden
2024-11-06,SHORT,0.029198944411338967,1,18.13500000000022,891.7500000000109,2024,biden
2024-11-14,LONG,-0.010771697570201022,1,18.045749999999316,887.2874999999658,2024,biden
2024-11-15,SHORT,0.005019450370184364,1,18.020249999999578,886.0124999999789,2024,biden
2024-11-19,LONG,-0.01708152355496162,1,17.65124999999898,867.5624999999491,2024,biden
2024-11-22,SHORT,0.021524288107202638,1,18.295500000000175,899.7750000000087,2024,biden
2024-11-25,SHORT,0.01594250784734852,1,18.448500000000422,907.4250000000211,2024,biden
2024-12-03,LONG,-0.01041876993902191,-1,-24.50500000000011,-1240.2500000000055,2024,biden
2024-12-05,LONG,-0.01086648015245506,1,18.296249999999418,899.8124999999709,2024,biden
2024-12-20,LONG,-0.005052844330287631,1,17.7217499999997,871.0874999999851,2024,biden
2024-12-24,SHORT,0.010725970099805249,1,18.30450000000019,900.2250000000095,2024,biden
2024-12-26,SHORT,0.0063944909001476535,1,18.41399999999976,905.699999999988,2024,biden
2025-01-03,SHORT,0.014371459971256995,1,17.998499999999694,884.9249999999847,2025,biden
2025-01-10,SHORT,0.005256739139577027,1,17.927999999999884,881.3999999999942,2025,biden
2025-01-13,LONG,-0.008108108108108136,-1,-23.488000000000284,-1189.4000000000142,2025,biden
2025-01-15,SHORT,0.014068344100645946,-1,-23.85900000000038,-1207.950000000019,2025,biden
2025-01-17,SHORT,0.01781532285045162,1,18.253499999999804,897.6749999999902,2025,biden
2025-01-20,LONG,-0.01298014322916663,1,18.19274999999925,894.6374999999625,2025,trump2
2025-01-21,LONG,-0.007894306282722474,1,18.191249999998945,894.5624999999472,2025,trump2
2025-01-23,LONG,-0.010560388428080159,1,18.340499999999338,902.0249999999669,2025,trump2
2025-01-24,SHORT,0.009779459111397326,1,18.818250000000262,925.9125000000131,2025,trump2
2025-02-03,LONG,-0.01641419296884572,-1,-24.088999999999942,-1219.449999999997,2025,trump2
2025-02-04,SHORT,0.008794490998091709,1,18.238500000000386,896.9250000000193,2025,trump2
2025-02-11,LONG,-0.013379966651754893,1,18.19499999999971,894.7499999999854,2025,trump2
2025-02-17,SHORT,0.010674271745773067,1,18.605249999999614,915.2624999999807,2025,trump2
2025-02-21,SHORT,0.007465396876639385,1,18.724500000000262,921.2250000000131,2025,trump2
2025-03-06,LONG,-0.013166250370433064,-1,-23.3100000000004,-1180.50000000002,2025,trump2
2025-03-11,LONG,-0.01832174559447286,1,16.837499999999636,826.8749999999818,2025,trump2
2025-03-12,SHORT,0.0093131548311991,-1,-22.54200000000037,-1142.1000000000186,2025,trump2
2025-03-13,SHORT,0.007938631701007948,1,16.949999999999818,832.4999999999909,2025,trump2
2025-03-14,SHORT,0.009191759112519904,-1,-22.288000000000466,-1129.4000000000233,2025,trump2
2025-03-15,LONG,-0.020150585367976648,0,0.0,-15.0,2025,trump2
2025-03-17,SHORT,0.010793284178733265,-1,-22.756999999999607,-1152.8499999999804,2025,trump2
2025-03-18,LONG,-0.01316994461645804,1,16.9717499999997,833.5874999999851,2025,trump2
2025-03-22,LONG,-0.008450704225352101,0,0.0,-15.0,2025,trump2
2025-03-24,SHORT,0.010926573426573327,-1,-23.13000000000011,-1171.5000000000055,2025,trump2
2025-03-25,SHORT,0.010793841919669811,1,17.628749999999854,866.4374999999927,2025,trump2
2025-03-26,LONG,-0.009018206567976805,1,17.471999999999753,858.5999999999876,2025,trump2
2025-04-03,LONG,-0.036067150476523535,1,16.5367499999993,811.8374999999651,2025,trump2
2025-04-04,LONG,-0.032662743487979595,1,15.90374999999949,780.1874999999745,2025,trump2
2025-04-07,LONG,-0.01751115907195766,-1,-20.029999999999745,-1016.4999999999873,2025,trump2
2025-04-08,SHORT,0.03397891640107864,-1,-21.087999999999738,-1069.399999999987,2025,trump2
2025-04-09,LONG,-0.00592592592592589,-1,-20.13000000000011,-1021.5000000000055,2025,trump2
2025-04-10,LONG,-0.02121267297887841,1,16.126499999999396,791.3249999999698,2025,trump2
2025-04-12,LONG,-0.00694763964295575,0,0.0,-15.0,2025,trump2
2025-04-15,LONG,-0.006789392144354367,1,16.347749999998996,802.3874999999498,2025,trump2
2025-04-21,LONG,-0.009755869859496835,-1,-21.213999999999942,-1075.699999999997,2025,trump2
2025-04-22,SHORT,0.027298157615510688,1,15.975000000000364,783.7500000000182,2025,trump2
2025-05-01,SHORT,0.009040549523598562,1,17.076750000000175,838.8375000000087,2025,trump2
2025-05-02,SHORT,0.018440346589646772,1,17.1899999999996,844.49999999998,2025,trump2
2025-05-07,LONG,-0.005906205923836394,1,16.915499999999156,830.7749999999578,2025,trump2
2025-05-08,SHORT,0.0070812126576675904,-1,-22.75500000000011,-1152.7500000000055,2025,trump2
2025-05-13,LONG,-0.015968147527242293,1,17.60924999999952,865.462499999976,2025,trump2
2025-05-15,LONG,-0.012078510317060864,1,17.66699999999946,868.3499999999731,2025,trump2
2025-05-16,SHORT,0.00972508735738642,1,17.988000000000284,884.4000000000142,2025,trump2
2025-05-21,LONG,-0.00684270181772384,1,17.743499999999585,872.1749999999793,2025,trump2
2025-05-22,SHORT,0.007102993404363378,1,17.86499999999978,878.2499999999891,2025,trump2
2025-05-26,SHORT,0.010682669390534638,1,17.81025000000045,875.5125000000226,2025,trump2
2025-05-27,LONG,-0.009840615669288066,1,17.6587499999996,867.93749999998,2025,trump2
2025-05-29,SHORT,0.017622638312293493,1,18.016499999999724,885.8249999999862,2025,trump2
2025-06-06,SHORT,0.01029982069138069,1,18.171000000000276,893.5500000000138,2025,trump2
2025-06-16,SHORT,0.006887109488445509,1,18.201750000000175,895.0875000000087,2025,trump2
2025-06-18,SHORT,0.00844021514273896,1,18.280499999999847,899.0249999999924,2025,trump2
2025-06-20,SHORT,0.022163676661230314,1,18.332250000000386,901.6125000000193,2025,trump2
2025-06-24,SHORT,0.014892829226148763,1,18.501750000000357,910.0875000000178,2025,trump2
2025-07-01,LONG,-0.011062648691514632,1,18.70574999999917,920.2874999999585,2025,trump2
2025-07-02,SHORT,0.007601216194591087,1,18.889500000000226,929.4750000000113,2025,trump2
2025-07-04,LONG,-0.006167470546374676,1,18.853499999999258,927.6749999999629,2025,trump2
2025-07-11,LONG,-0.005375919044983801,1,18.871499999999287,928.5749999999643,2025,trump2
2025-07-17,LONG,-0.00814159292035399,1,18.913499999999658,930.6749999999829,2025,trump2
2025-07-21,LONG,-0.006730844486186105,1,19.03649999999925,936.8249999999625,2025,trump2
2025-07-25,LONG,-0.008091679894692061,1,19.214999999999236,945.7499999999618,2025,trump2
2025-07-28,LONG,-0.007832092287511139,1,19.286999999999352,949.3499999999676,2025,trump2
2025-07-31,SHORT,0.007436384058251644,1,19.50824999999986,960.4124999999931,2025,trump2
2025-08-05,LONG,-0.007137842265387273,1,19.09124999999949,939.5624999999745,2025,trump2
2025-08-07,SHORT,0.013418605563620734,1,19.371750000000247,953.5875000000124,2025,trump2
2025-08-08,SHORT,0.011307420494699683,1,19.318500000000313,950.9250000000156,2025,trump2
2025-08-13,SHORT,0.011421125249118536,1,19.792499999999563,974.6249999999782,2025,trump2
2025-08-22,SHORT,0.011779438813446452,1,19.39050000000043,954.5250000000215,2025,trump2
2025-08-25,LONG,-0.01036289243241173,1,19.409999999998945,955.4999999999472,2025,trump2
2025-09-03,LONG,-0.00512958963282939,1,19.3462499999996,952.31249999998,2025,trump2
2025-09-11,LONG,-0.005459715639810403,1,19.673249999998916,968.6624999999458,2025,trump2
2025-09-15,LONG,-0.005267712683899584,1,19.82774999999947,976.3874999999734,2025,trump2
2025-09-24,SHORT,0.010386032833265002,1,20.35649999999987,1002.8249999999935,2025,trump2
2025-09-25,LONG,-0.005153484203450631,1,19.979999999999563,983.9999999999782,2025,trump2
2025-10-06,SHORT,0.011714708056171474,1,20.532750000000306,1011.6375000000153,2025,trump2
2025-10-07,SHORT,0.009390881638064341,1,20.556749999999738,1012.8374999999869,2025,trump2
2025-10-13,SHORT,0.011766032629125567,1,20.186249999999745,994.3124999999873,2025,trump2
2025-10-14,LONG,-0.009037269400253956,-1,-26.536000000000058,-1341.800000000003,2025,trump2
2025-10-23,LONG,-0.007876044311950214,1,20.217749999998887,995.8874999999443,2025,trump2
2025-10-24,SHORT,0.006789918447175136,-1,-27.283000000000357,-1379.1500000000178,2025,trump2
2025-11-04,LONG,-0.019014008426662787,1,20.430749999999534,1006.5374999999767,2025,trump2
2025-11-05,LONG,-0.009326047358834244,1,20.39549999999963,1004.7749999999814,2025,trump2
2025-11-07,LONG,-0.011592723560934659,-1,-27.113000000000284,-1370.6500000000142,2025,trump2
2025-11-10,SHORT,0.026912967830303947,1,20.80500000000029,1025.2500000000146,2025,trump2
2025-11-18,LONG,-0.013449425713227159,1,19.970249999999396,983.5124999999698,2025,trump2
2025-11-27,LONG,-0.007917196295623707,1,20.487749999999323,1009.3874999999662,2025,trump2
2025-12-02,SHORT,0.011873786051966206,1,20.70824999999968,1020.412499999984,2025,trump2
2025-12-11,SHORT,0.005042077771329145,1,20.780249999999796,1024.0124999999898,2025,trump2
2025-12-15,SHORT,0.01298795530401975,1,20.941499999999905,1032.0749999999953,2025,trump2
2025-12-18,SHORT,0.009444134597508924,-1,-27.149000000000342,-1372.450000000017,2025,trump2
2025-12-22,SHORT,0.0054472164723826655,-1,-27.686999999999898,-1399.349999999995,2025,trump2
2025-12-24,LONG,-0.007523086248083621,1,20.876999999999498,1028.849999999975,2025,trump2
2026-01-09,SHORT,0.009266242861760476,1,21.07574999999997,1038.7874999999985,2026,trump2
2026-01-15,SHORT,0.005884041331802425,-1,-28.036000000000058,-1416.800000000003,2026,trump2
2026-01-16,SHORT,0.009449157092236593,1,21.152250000000095,1042.6125000000047,2026,trump2
2026-01-19,LONG,-0.019303921220093168,1,20.689499999999498,1019.4749999999749,2026,trump2
2026-01-20,LONG,-0.006002965320218379,1,20.615249999998923,1015.7624999999462,2026,trump2
2026-01-22,SHORT,0.006511358703516157,-1,-27.823999999999614,-1406.1999999999807,2026,trump2
2026-02-05,LONG,-0.007638009049773742,1,20.560499999999593,1013.0249999999796,2026,trump2
2026-02-06,SHORT,0.005647024311539628,-1,-27.425000000000182,-1386.250000000009,2026,trump2
2026-02-11,SHORT,0.006105225354641863,1,21.011250000000473,1035.5625000000236,2026,trump2
2026-02-27,LONG,-0.009499385971248997,0,-2.25,-127.5,2026,trump2
2026-03-02,LONG,-0.011214749755017572,1,20.432999999999083,1006.6499999999542,2026,trump2
2026-03-03,LONG,-0.01662492286471373,1,20.318249999999352,1000.9124999999676,2026,trump2
2026-03-06,LONG,-0.012106803218727147,-1,-27.009000000000015,-1365.4500000000007,2026,trump2
2026-03-09,LONG,-0.009047089358546478,-1,-26.725999999999658,-1351.299999999983,2026,trump2
2026-03-16,SHORT,0.009010693187766483,0,-25.25,-1277.5,2026,trump2
2026-03-17,SHORT,0.005034240236905463,0,-15.25,-777.5,2026,trump2
2026-03-19,LONG,-0.0071885881163652465,1,19.88774999999896,979.387499999948,2026,trump2
2026-03-23,SHORT,0.014513732810178759,1,19.97400000000016,983.700000000008,2026,trump2
2026-03-24,LONG,-0.006371107592550662,0,0.5,10.0,2026,trump2
2026-03-25,SHORT,0.008286665657635917,1,19.985249999999724,984.2624999999862,2026,trump2
2026-03-26,LONG,-0.00737729599518222,1,19.77899999999954,973.9499999999771,2026,trump2
2026-03-30,SHORT,0.009442428498966038,1,19.4032500000003,955.1625000000149,2026,trump2
2026-03-31,SHORT,0.010880200383546645,-1,-25.828999999999724,-1306.4499999999862,2026,trump2
2026-04-01,SHORT,0.0056705739077484996,0,-5.0,-265.0,2026,trump2
2026-04-02,LONG,-0.013860563486668198,1,19.58324999999968,964.162499999984,2026,trump2
2026-04-08,SHORT,0.02614379084967311,1,20.488500000000386,1009.4250000000193,2026,trump2
2026-04-17,SHORT,0.006288197265694073,0,-22.25,-1127.5,2026,trump2
2026-04-22,SHORT,0.00704200556318435,0,-2.5,-140.0,2026,trump2
