ts,side,entry,gap_pct,outcome,pnl_pts,pnl_dollars_gross,pnl_dollars_net,long_prob,short_prob,period
2022-11-02,SHORT,3891.75,0.006140124095139532,1,11.675250000000233,583.7625000000116,568.7625000000116,0.0,0.0,biden
2022-11-10,SHORT,3926.5,0.04532445923460893,1,11.779500000000098,588.9750000000049,573.9750000000049,0.0,0.0,biden
2022-11-14,LONG,4014.25,-0.013758368650574337,-1,-16.05699999999979,-802.8499999999894,-817.8499999999894,0.0,0.0,biden
2022-11-15,SHORT,4026.75,0.014422471343997989,-1,-16.10699999999997,-805.3499999999985,-820.3499999999985,0.0,0.0,biden
2022-11-17,LONG,3948.25,-0.013492410519083009,-1,-15.79300000000012,-789.650000000006,-804.650000000006,0.0,0.0,biden
2022-11-18,SHORT,3990.5,0.009869669745666165,-1,-15.961999999999989,-798.0999999999995,-813.0999999999995,0.0,0.0,biden
2022-11-22,SHORT,4013.0,0.005827432796541077,-1,-16.052000000000135,-802.6000000000067,-817.6000000000067,0.0,0.0,biden
2022-11-24,SHORT,4077.75,0.010720039657950098,1,12.233250000000226,611.6625000000113,596.6625000000113,0.0,0.0,biden
2022-11-28,LONG,4000.5,-0.008365867261572735,1,12.001499999999396,600.0749999999698,585.0749999999698,0.0,0.0,biden
2022-11-29,SHORT,4002.25,0.008059945847238792,1,12.006750000000011,600.3375000000005,585.3375000000005,0.0,0.0,biden
2022-12-01,LONG,4129.0,-0.005060240963855378,-1,-16.51599999999962,-825.7999999999811,-840.7999999999811,0.0,0.0,biden
2022-12-02,LONG,4061.5,-0.01300121506682872,-1,-16.246000000000095,-812.3000000000047,-827.3000000000047,0.0,0.0,biden
2022-12-05,LONG,4045.75,-0.007238819704312616,1,12.137249999999767,606.8624999999884,591.8624999999884,0.0,0.0,biden
2022-12-08,SHORT,3985.75,0.012318242428090764,1,11.95724999999993,597.8624999999965,582.8624999999965,0.0,0.0,biden
2022-12-14,LONG,4018.75,-0.008939580764488309,1,12.056249999999636,602.8124999999818,587.8124999999818,0.0,0.0,biden
2022-12-15,LONG,3976.0,-0.0058757344668083356,-1,-15.903999999999996,-795.1999999999998,-810.1999999999998,0.0,0.0,biden
2022-12-16,LONG,3931.75,-0.007760252365930587,-1,-15.726999999999862,-786.3499999999931,-801.3499999999931,0.0,0.0,biden
2022-12-20,LONG,3836.75,-0.010573141641415762,1,11.51024999999936,575.512499999968,560.512499999968,0.0,0.0,biden
2022-12-21,SHORT,3911.0,0.0161740824943164,1,11.733000000000175,586.6500000000087,571.6500000000087,0.0,0.0,biden
2022-12-29,SHORT,3834.75,0.007355355618309689,-1,-15.338999999999942,-766.9499999999971,-781.9499999999971,0.0,0.0,biden
2022-12-30,LONG,3844.0,-0.007295500032280966,1,11.531999999999698,576.5999999999849,561.5999999999849,0.0,0.0,biden
2023-01-03,SHORT,3881.0,0.005114923923599912,-1,-15.523999999999887,-776.1999999999944,-791.1999999999944,0.0,0.0,biden
2023-01-04,SHORT,3869.0,0.006307302165290407,-1,-15.476000000000113,-773.8000000000056,-788.8000000000056,0.0,0.0,biden
2023-01-06,SHORT,3891.5,0.007508090614886775,1,11.67450000000008,583.725000000004,568.725000000004,0.0,0.0,biden
2023-01-09,SHORT,3939.5,0.005936801787424173,-1,-15.75799999999981,-787.8999999999905,-802.8999999999905,0.0,0.0,biden
2023-01-13,LONG,3968.25,-0.008619074386359338,1,11.904749999999694,595.2374999999847,580.2374999999847,0.0,0.0,biden
2023-01-19,LONG,3923.0,-0.013949981148674073,1,11.768999999999778,588.4499999999889,573.4499999999889,0.0,0.0,biden
2023-01-20,LONG,3929.75,-0.005504238896621549,1,11.789249999999356,589.4624999999678,574.4624999999678,0.0,0.0,biden
2023-01-24,LONG,4018.0,-0.013079521031624242,1,12.053999999999633,602.6999999999816,587.6999999999816,0.0,0.0,biden
2023-01-25,LONG,3987.5,-0.019547578067371507,1,11.962499999999636,598.1249999999818,583.1249999999818,0.0,0.0,biden
2023-01-26,SHORT,4059.0,0.006571605703657779,-1,-16.235999999999876,-811.7999999999938,-826.7999999999938,0.0,0.0,biden
2023-01-27,LONG,4063.75,-0.010350076103500805,1,12.1912499999994,609.56249999997,594.56249999997,0.0,0.0,biden
2023-01-30,LONG,4054.5,-0.015898058252427183,1,12.163499999999658,608.1749999999829,593.1749999999829,0.0,0.0,biden
2023-01-31,SHORT,4076.0,0.011351653123255367,1,12.228000000000065,611.4000000000033,596.4000000000033,0.0,0.0,biden
2023-02-02,SHORT,4210.25,0.019245899655026433,1,12.630750000000262,631.5375000000131,616.5375000000131,0.0,0.0,biden
2023-02-08,LONG,4153.75,-0.014531435349940724,1,12.461249999999382,623.0624999999691,608.0624999999691,0.0,0.0,biden
2023-02-09,LONG,4165.5,-0.01009980988593151,1,12.496499999999287,624.8249999999643,609.8249999999643,0.0,0.0,biden
2023-02-13,LONG,4107.0,-0.007371601208459255,1,12.320999999999913,616.0499999999956,601.0499999999956,0.0,0.0,biden
2023-02-14,SHORT,4206.75,0.006038502929570644,1,12.620249999999942,631.0124999999971,616.0124999999971,0.0,0.0,biden
2023-02-15,LONG,4122.0,-0.014406121107059633,1,12.365999999999985,618.2999999999993,603.2999999999993,0.0,0.0,biden
2023-02-16,LONG,4103.75,-0.022160004765592434,1,12.311249999999745,615.5624999999873,600.5624999999873,0.0,0.0,biden
2023-02-21,LONG,4045.25,-0.00748328528491693,1,12.135749999999462,606.7874999999731,591.7874999999731,0.0,0.0,biden
2023-02-22,LONG,4047.75,-0.008876101860920693,1,12.143249999999625,607.1624999999813,592.1624999999813,0.0,0.0,biden
2023-03-02,LONG,3935.0,-0.01427855711422843,1,11.804999999999382,590.2499999999691,575.2499999999691,0.0,0.0,biden
2023-03-03,SHORT,4079.75,0.023455628723737743,1,12.239250000000084,611.9625000000042,596.9625000000042,0.0,0.0,biden
2023-03-14,SHORT,3943.25,0.014536566540168439,1,11.829749999999876,591.4874999999938,576.4874999999938,0.0,0.0,biden
2023-03-15,LONG,3890.75,-0.0240185626489402,-1,-15.563000000000102,-778.1500000000051,-793.1500000000051,0.0,0.0,biden
2023-03-16,LONG,3869.25,-0.021681415929203585,1,11.607749999999669,580.3874999999834,565.3874999999834,0.0,0.0,biden
2023-03-20,LONG,3954.5,-0.005657530802112176,1,11.863499999999476,593.1749999999738,578.1749999999738,0.0,0.0,biden
2023-03-21,SHORT,4020.0,0.008909524407077374,-1,-16.079999999999927,-803.9999999999964,-818.9999999999964,0.0,0.0,biden
2023-03-22,LONG,4035.75,-0.007927728613569274,1,12.107249999999567,605.3624999999784,590.3624999999784,0.0,0.0,biden
2023-03-28,LONG,4002.25,-0.00934405940594063,1,12.006749999999556,600.3374999999778,585.3374999999778,0.0,0.0,biden
2023-03-30,SHORT,4119.5,0.01496766245765313,1,12.358500000000276,617.9250000000138,602.9250000000138,0.0,0.0,biden
2023-03-31,SHORT,4127.75,0.011517490657354745,1,12.383249999999862,619.1624999999931,604.1624999999931,0.0,0.0,biden
2023-04-10,LONG,4105.75,-0.008751810719459185,1,12.317249999999149,615.8624999999574,600.8624999999574,0.0,0.0,biden
2023-04-11,LONG,4142.25,-0.015332501337136706,1,12.426749999999629,621.3374999999814,606.3374999999814,0.0,0.0,biden
2023-04-14,LONG,4166.25,-0.010274379379973886,1,12.498749999999745,624.9374999999873,609.9374999999873,0.0,0.0,biden
2023-04-20,LONG,4146.25,-0.007599329822881806,1,12.438749999999345,621.9374999999673,606.9374999999673,0.0,0.0,biden
2023-04-24,LONG,4153.5,-0.010187667560321745,1,12.460499999999229,623.0249999999614,608.0249999999614,0.0,0.0,biden
2023-04-25,LONG,4138.5,-0.01429081814933908,1,12.415499999999156,620.7749999999578,605.7749999999578,0.0,0.0,biden
2023-04-26,SHORT,4139.25,0.010991023997068972,1,12.417749999999614,620.8874999999807,605.8874999999807,0.0,0.0,biden
2023-05-04,SHORT,4133.0,0.006208155812537974,1,12.399000000000342,619.9500000000171,604.9500000000171,0.0,0.0,biden
2023-05-16,LONG,4139.0,-0.012171837708830568,1,12.416999999999462,620.8499999999731,605.8499999999731,0.0,0.0,biden
2023-05-19,LONG,4219.75,-0.007409585416054076,1,12.659249999999702,632.9624999999851,617.9624999999851,0.0,0.0,biden
2023-05-25,SHORT,4160.75,0.008544418858320135,1,12.482250000000022,624.1125000000011,609.1125000000011,0.0,0.0,biden
2023-05-29,LONG,4221.5,-0.008106203007518742,1,12.664499999999862,633.2249999999931,618.2249999999931,0.0,0.0,biden
2023-06-01,LONG,4191.25,-0.009746012994684028,1,12.573749999999563,628.6874999999782,613.6874999999782,0.0,0.0,biden
2023-06-02,SHORT,4298.0,0.007383100902379036,-1,-17.192000000000007,-859.6000000000004,-874.6000000000004,0.0,0.0,biden
2023-06-14,LONG,4374.0,-0.01966717095310133,1,13.121999999999389,656.0999999999694,641.0999999999694,0.0,0.0,biden
2023-06-16,LONG,4452.5,-0.014770149914255737,1,13.357499999999163,667.8749999999582,652.8749999999582,0.0,0.0,biden
2023-06-19,SHORT,4495.0,0.008808842506873082,1,13.484999999999673,674.2499999999836,659.2499999999836,0.0,0.0,biden
2023-06-21,SHORT,4464.5,0.006878664862426609,1,13.393500000000131,669.6750000000065,654.6750000000065,0.0,0.0,biden
2023-06-22,SHORT,4442.5,0.0074838417054088335,1,13.327500000000327,666.3750000000164,651.3750000000164,0.0,0.0,biden
2023-06-28,LONG,4406.25,-0.013102637325718147,1,13.21874999999909,660.9374999999545,645.9374999999545,0.0,0.0,biden
2023-06-29,LONG,4414.0,-0.01164352888490816,1,13.24199999999928,662.099999999964,647.099999999964,0.0,0.0,biden
2023-06-30,SHORT,4516.0,0.017919531161951996,1,13.547999999999774,677.3999999999887,662.3999999999887,0.0,0.0,biden
2023-07-03,LONG,4482.75,-0.012392597488433577,1,13.448249999999462,672.4124999999731,657.4124999999731,0.0,0.0,biden
2023-07-10,SHORT,4481.0,0.0107708791518637,1,13.443000000000211,672.1500000000106,657.1500000000106,0.0,0.0,biden
2023-07-11,LONG,4453.0,-0.008902737591809484,1,13.358999999999469,667.9499999999734,652.9499999999734,0.0,0.0,biden
2023-07-12,SHORT,4512.5,0.008830762351889065,-1,-18.050000000000182,-902.5000000000091,-917.5000000000091,0.0,0.0,biden
2023-07-13,SHORT,4570.0,0.013472306924654953,1,13.710000000000036,685.5000000000018,670.5000000000018,0.0,0.0,biden
2023-07-24,SHORT,4627.25,0.013913996165434206,1,13.881750000000466,694.0875000000233,679.0875000000233,0.0,0.0,biden
2023-07-26,SHORT,4636.75,0.009031064686360946,1,13.910249999999905,695.5124999999953,680.5124999999953,0.0,0.0,biden
2023-07-27,SHORT,4732.5,0.01922145049265067,1,14.197500000000218,709.8750000000109,694.8750000000109,0.0,0.0,biden
2023-07-28,SHORT,4646.5,0.01785323110624315,1,13.939500000000407,696.9750000000204,681.9750000000204,0.0,0.0,biden
2023-08-16,LONG,4448.25,-0.013090021631815385,1,13.344749999999294,667.2374999999647,652.2374999999647,0.0,0.0,biden
2023-08-31,SHORT,4632.0,0.023872679045092937,1,13.89599999999973,694.7999999999865,679.7999999999865,0.0,0.0,biden
2023-09-04,SHORT,4576.0,0.011661968717183502,1,13.728000000000065,686.4000000000033,671.4000000000033,0.0,0.0,biden
2023-09-08,SHORT,4504.5,0.011054374053083516,1,13.513500000000022,675.6750000000011,660.6750000000011,0.0,0.0,biden
2023-09-11,SHORT,4488.25,0.005995741342597727,-1,-17.95300000000043,-897.6500000000215,-912.6500000000215,0.0,0.0,biden
2023-09-15,SHORT,4537.0,0.0068238557558946145,-1,-18.14800000000014,-907.4000000000069,-922.4000000000069,0.0,0.0,biden
2023-09-20,SHORT,4605.5,0.0254954353150747,1,13.816499999999905,690.8249999999953,675.8249999999953,0.0,0.0,biden
2023-09-21,LONG,4415.75,-0.006803868645973932,1,13.24724999999944,662.362499999972,647.362499999972,0.0,0.0,biden
2023-09-28,LONG,4307.25,-0.012551581843191162,1,12.92174999999952,646.087499999976,631.087499999976,0.0,0.0,biden
2023-09-29,SHORT,4369.75,0.007260992335619276,-1,-17.47900000000027,-873.9500000000135,-888.9500000000135,0.0,0.0,biden
2023-10-04,SHORT,4316.75,0.012727272727272698,1,12.950249999999869,647.5124999999935,632.5124999999935,0.0,0.0,biden
2023-10-06,LONG,4265.25,-0.006406149903907754,1,12.795749999999316,639.7874999999658,624.7874999999658,0.0,0.0,biden
2023-10-09,LONG,4321.75,-0.0157708950125256,1,12.965249999999287,648.2624999999643,633.2624999999643,0.0,0.0,biden
2023-10-12,SHORT,4460.75,0.011794726396370914,1,13.382249999999658,669.1124999999829,654.1124999999829,0.0,0.0,biden
2023-10-17,LONG,4369.25,-0.017925376489098643,1,13.107749999999214,655.3874999999607,640.3874999999607,0.0,0.0,biden
2023-10-20,SHORT,4342.5,0.0095315587585727,1,13.027500000000146,651.3750000000073,636.3750000000073,0.0,0.0,biden
2023-10-27,LONG,4172.75,-0.006488095238095237,1,12.51824999999917,625.9124999999585,610.9124999999585,0.0,0.0,biden
2023-10-30,SHORT,4215.0,0.0186080231996133,1,12.645000000000437,632.2500000000218,617.2500000000218,0.0,0.0,biden
2023-11-02,SHORT,4342.0,0.009004821936908103,1,13.02599999999984,651.299999999992,636.299999999992,0.0,0.0,biden
2023-11-03,SHORT,4359.5,0.005883710198431036,-1,-17.438000000000102,-871.9000000000051,-886.9000000000051,0.0,0.0,biden
2023-11-13,LONG,4415.5,-0.025275938189845526,1,13.246499999999287,662.3249999999643,647.3249999999643,0.0,0.0,biden
2023-11-17,SHORT,4572.25,0.011224151277231087,1,13.716749999999593,685.8374999999796,670.8374999999796,0.0,0.0,biden
2023-11-21,LONG,4550.0,-0.013496666485988351,1,13.649999999999636,682.4999999999818,667.4999999999818,0.0,0.0,biden
2023-11-22,SHORT,4670.0,0.026148099318830997,1,14.010000000000218,700.5000000000109,685.5000000000109,0.0,0.0,biden
2023-11-24,SHORT,4615.25,0.010012036327825768,1,13.845750000000407,692.2875000000204,677.2875000000204,0.0,0.0,biden
2023-11-27,LONG,4561.25,-0.012181916621548439,1,13.683749999999236,684.1874999999618,669.1874999999618,0.0,0.0,biden
2023-11-30,LONG,4566.25,-0.019907705516205243,1,13.698749999999563,684.9374999999782,669.9374999999782,0.0,0.0,biden
2023-12-01,SHORT,4667.0,0.009135628952916308,1,14.001000000000204,700.0500000000102,685.0500000000102,0.0,0.0,biden
2023-12-05,SHORT,4611.5,0.0073726175522910165,1,13.834499999999935,691.7249999999967,676.7249999999967,0.0,0.0,biden
2023-12-07,SHORT,4626.5,0.015474100087796261,1,13.879500000000007,693.9750000000004,678.9750000000004,0.0,0.0,biden
2023-12-12,SHORT,4672.75,0.009996757808278467,1,14.01825000000008,700.912500000004,685.912500000004,0.0,0.0,biden
2023-12-18,LONG,4782.0,-0.008346726113328873,1,14.345999999999549,717.2999999999774,702.2999999999774,0.0,0.0,biden
2023-12-21,SHORT,4836.75,0.017834595959596022,1,14.51025000000027,725.5125000000135,710.5125000000135,0.0,0.0,biden
2023-12-27,LONG,4822.25,-0.010820512820512773,1,14.466749999999593,723.3374999999796,708.3374999999796,0.0,0.0,biden
2024-01-02,LONG,4834.75,-0.007747562852745027,-1,-19.338999999999942,-966.9499999999971,-981.9499999999971,0.0,0.0,biden
2024-01-08,SHORT,4790.75,0.01161378873462482,1,14.37225000000035,718.6125000000175,703.6125000000175,0.0,0.0,biden
2024-01-09,LONG,4773.0,-0.0060391503540191405,1,14.318999999999505,715.9499999999753,700.9499999999753,0.0,0.0,biden
2024-01-10,SHORT,4848.5,0.011579386605466313,1,14.545500000000175,727.2750000000087,712.2750000000087,0.0,0.0,biden
2024-01-11,LONG,4827.0,-0.0097953741217498,1,14.480999999999767,724.0499999999884,709.0499999999884,0.0,0.0,biden
2024-01-17,LONG,4766.0,-0.017319587628865984,1,14.297999999999774,714.8999999999887,699.8999999999887,0.0,0.0,biden
2024-01-18,LONG,4786.0,-0.008134293559919126,1,14.357999999999265,717.8999999999633,702.8999999999633,0.0,0.0,biden
2024-02-02,LONG,4933.0,-0.010133440353165435,1,14.798999999999069,739.9499999999534,724.9499999999534,0.0,0.0,biden
2024-02-05,LONG,5026.25,-0.012524557956777982,-1,-20.104999999999563,-1005.2499999999782,-1020.2499999999782,0.0,0.0,biden
2024-02-06,SHORT,5030.0,0.013908486192300007,1,15.090000000000146,754.5000000000073,739.5000000000073,0.0,0.0,biden
2024-02-07,SHORT,5054.5,0.005020629318486902,1,15.163499999999658,758.1749999999829,743.1749999999829,0.0,0.0,biden
2024-02-08,LONG,5013.25,-0.011485753721778513,1,15.039749999999003,751.9874999999502,736.9874999999502,0.0,0.0,biden
2024-02-12,LONG,5043.0,-0.011564092512740154,1,15.128999999999905,756.4499999999953,741.4499999999953,0.0,0.0,biden
2024-02-13,LONG,5033.0,-0.013137254901960826,-1,-20.131999999999607,-1006.5999999999804,-1021.5999999999804,0.0,0.0,biden
2024-02-14,SHORT,4997.25,0.00512897872982343,-1,-19.988999999999578,-999.4499999999789,-1014.4499999999789,0.0,0.0,biden
2024-02-19,LONG,5025.75,-0.01033820705951849,1,15.077249999999367,753.8624999999683,738.8624999999683,0.0,0.0,biden
2024-02-20,SHORT,5060.5,0.007164892029057679,1,15.181499999999687,759.0749999999844,744.0749999999844,0.0,0.0,biden
2024-02-21,LONG,4978.0,-0.013280475718533191,1,14.933999999999287,746.6999999999643,731.6999999999643,0.0,0.0,biden
2024-02-22,SHORT,5062.25,0.013311314617424852,-1,-20.248999999999796,-1012.4499999999898,-1027.4499999999898,0.0,0.0,biden
2024-02-23,LONG,5114.25,-0.008433910135233424,1,15.342749999999796,767.1374999999898,752.1374999999898,0.0,0.0,biden
2024-02-26,LONG,5103.75,-0.012193351720133583,1,15.311249999999745,765.5624999999873,750.5624999999873,0.0,0.0,biden
2024-02-27,LONG,5086.5,-0.01064916119620718,1,15.259499999999207,762.9749999999603,747.9749999999603,0.0,0.0,biden
2024-02-28,SHORT,5132.75,0.00859697386519942,1,15.39825000000019,769.9125000000095,754.9125000000095,0.0,0.0,biden
2024-03-11,LONG,5177.5,-0.013527674573687754,-1,-20.710000000000036,-1035.5000000000018,-1050.5000000000018,0.0,0.0,biden
2024-03-12,SHORT,5262.0,0.02718266556048987,1,15.786000000000058,789.3000000000029,774.3000000000029,0.0,0.0,biden
2024-03-14,LONG,5175.75,-0.011081920229281117,1,15.527249999999185,776.3624999999593,761.3624999999593,0.0,0.0,biden
2024-03-18,SHORT,5225.5,0.008929864362600792,-1,-20.902000000000044,-1045.1000000000022,-1060.1000000000022,0.0,0.0,biden
2024-03-19,SHORT,5263.0,0.009155841043094748,1,15.78899999999976,789.449999999988,774.449999999988,0.0,0.0,biden
2024-03-20,LONG,5241.0,-0.010945461407812829,1,15.722999999999047,786.1499999999523,771.1499999999523,0.0,0.0,biden
2024-03-28,LONG,5309.5,-0.01071362027203282,1,15.928499999999076,796.4249999999538,781.4249999999538,0.0,0.0,biden
2024-04-01,SHORT,5368.5,0.010160880609652923,1,16.105499999999665,805.2749999999833,790.2749999999833,0.0,0.0,biden
2024-04-08,LONG,5258.5,-0.02007919869555086,1,15.775499999999738,788.7749999999869,773.7749999999869,0.0,0.0,biden
2024-04-09,LONG,5271.75,-0.007343595537353531,1,15.81524999999965,790.7624999999825,775.7624999999825,0.0,0.0,biden
2024-04-17,LONG,5117.5,-0.005924630924630914,1,15.352499999999054,767.6249999999527,752.6249999999527,0.0,0.0,biden
2024-04-18,SHORT,5128.5,0.013387343773156202,1,15.38550000000032,769.275000000016,754.275000000016,0.0,0.0,biden
2024-04-25,LONG,5039.5,-0.024628635022015732,1,15.118499999999585,755.9249999999793,740.9249999999793,0.0,0.0,biden
2024-04-26,SHORT,5111.0,0.005558014854163629,-1,-20.444000000000415,-1022.2000000000207,-1037.2000000000207,0.0,0.0,biden
2024-04-30,SHORT,5187.0,0.008016324150998289,1,15.560999999999694,778.0499999999847,763.0499999999847,0.0,0.0,biden
2024-05-03,SHORT,5212.0,0.012235385511749852,-1,-20.847999999999956,-1042.3999999999978,-1057.3999999999978,0.0,0.0,biden
2024-05-07,LONG,5216.25,-0.0092592592592593,1,15.648749999999382,782.4374999999691,767.4374999999691,0.0,0.0,biden
2024-05-14,LONG,5246.75,-0.011166603844704137,1,15.740249999999833,787.0124999999916,772.0124999999916,0.0,0.0,biden
2024-05-22,LONG,5338.0,-0.012761235435546525,1,16.013999999999214,800.6999999999607,785.6999999999607,0.0,0.0,biden
2024-06-06,LONG,5369.25,-0.011142317786270062,1,16.107749999999214,805.3874999999607,790.3874999999607,0.0,0.0,biden
2024-06-14,LONG,5419.0,-0.027022174342400618,1,16.256999999999607,812.8499999999804,797.8499999999804,0.0,0.0,biden
2024-06-21,SHORT,5594.0,0.008791307876110155,1,16.782000000000153,839.1000000000076,824.1000000000076,0.0,0.0,biden
2024-06-25,LONG,5527.25,-0.009275855888152051,1,16.581749999999374,829.0874999999687,814.0874999999687,0.0,0.0,biden
2024-06-28,SHORT,5612.0,0.012859269954428543,1,16.83600000000024,841.800000000012,826.800000000012,0.0,0.0,biden
2024-07-01,SHORT,5598.5,0.013624224867605061,1,16.795500000000175,839.7750000000087,824.7750000000087,0.0,0.0,biden
2024-07-08,SHORT,5691.0,0.01227321237993606,1,17.07300000000032,853.650000000016,838.650000000016,0.0,0.0,biden
2024-07-11,SHORT,5751.0,0.011387118047922584,1,17.2529999999997,862.6499999999851,847.6499999999851,0.0,0.0,biden
2024-07-19,SHORT,5653.5,0.010771912573190878,1,16.96050000000014,848.0250000000069,833.0250000000069,0.0,0.0,biden
2024-07-22,SHORT,5656.25,0.01845599819941479,1,16.96875,848.4375,833.4375,0.0,0.0,biden
2024-07-24,LONG,5610.75,-0.009401483050847426,-1,-22.44300000000021,-1122.1500000000106,-1137.1500000000106,0.0,0.0,biden
2024-07-25,LONG,5471.75,-0.011337970909747974,1,16.415249999999105,820.7624999999553,805.7624999999553,0.0,0.0,biden
2024-07-26,SHORT,5536.0,0.01741327819894334,1,16.608000000000175,830.4000000000087,815.4000000000087,0.0,0.0,biden
2024-07-31,SHORT,5543.25,0.011219045012997642,-1,-22.172999999999774,-1108.6499999999887,-1123.6499999999887,0.0,0.0,biden
2024-08-01,LONG,5578.0,-0.007473309608540979,1,16.73399999999947,836.6999999999734,821.6999999999734,0.0,0.0,biden
2024-08-02,LONG,5456.0,-0.014762313213850353,-1,-21.823999999999614,-1091.1999999999807,-1106.1999999999807,0.0,0.0,biden
2024-08-06,SHORT,5284.0,0.015519146687166696,1,15.851999999999862,792.5999999999931,777.5999999999931,0.0,0.0,biden
2024-08-08,SHORT,5280.75,0.009945015539086777,-1,-21.122999999999593,-1056.1499999999796,-1071.1499999999796,0.0,0.0,biden
2024-08-09,SHORT,5392.0,0.008180245874818803,1,16.176000000000386,808.8000000000193,793.8000000000193,0.0,0.0,biden
2024-08-20,SHORT,5687.0,0.010662875422072116,1,17.060999999999694,853.0499999999847,838.0499999999847,0.0,0.0,biden
2024-08-21,SHORT,5691.5,0.012542252268279652,1,17.074499999999716,853.7249999999858,838.7249999999858,0.0,0.0,biden
2024-08-22,LONG,5658.75,-0.007585057874429979,1,16.97624999999971,848.8124999999854,833.8124999999854,0.0,0.0,biden
2024-08-23,SHORT,5686.5,0.018082535135619082,1,17.0595000000003,852.9750000000149,837.9750000000149,0.0,0.0,biden
2024-08-27,LONG,5623.25,-0.013205229446345501,1,16.86974999999984,843.487499999992,828.487499999992,0.0,0.0,biden
2024-09-02,LONG,5657.0,-0.010841056128693793,1,16.97099999999955,848.5499999999774,833.5499999999774,0.0,0.0,biden
2024-09-09,SHORT,5521.0,0.008217677136596047,1,16.563000000000102,828.1500000000051,813.1500000000051,0.0,0.0,biden
2024-09-12,SHORT,5623.0,0.01192243667611459,1,16.868999999999687,843.4499999999844,828.4499999999844,0.0,0.0,biden
2024-09-13,SHORT,5668.0,0.01223323511027763,1,17.003999999999905,850.1999999999953,835.1999999999953,0.0,0.0,biden
2024-09-20,SHORT,5812.25,0.016616380252743923,1,17.436749999999847,871.8374999999924,856.8374999999924,0.0,0.0,biden
2024-09-26,SHORT,5877.5,0.008061058228282292,1,17.63249999999971,881.6249999999854,866.6249999999854,0.0,0.0,biden
2024-10-01,LONG,5808.5,-0.017132704429121404,1,17.425499999999374,871.2749999999687,856.2749999999687,0.0,0.0,biden
2024-10-02,SHORT,5797.25,0.006379654543876345,1,17.391749999999774,869.5874999999887,854.5874999999887,0.0,0.0,biden
2024-10-04,SHORT,5793.5,0.007740476604626956,-1,-23.173999999999978,-1158.699999999999,-1173.699999999999,0.0,0.0,biden
2024-10-08,SHORT,5772.5,0.005005440696409069,-1,-23.090000000000146,-1154.5000000000073,-1169.5000000000073,0.0,0.0,biden
2024-10-15,LONG,5911.0,-0.009758344850693157,1,17.732999999999265,886.6499999999633,871.6499999999633,0.0,0.0,biden
2024-10-17,SHORT,5923.0,0.006200628556867427,-1,-23.692000000000007,-1184.6000000000004,-1199.6000000000004,0.0,0.0,biden
2024-10-18,SHORT,5962.0,0.012739935450993611,1,17.886000000000422,894.3000000000211,879.3000000000211,0.0,0.0,biden
2024-10-22,LONG,5927.0,-0.005077846321708823,-1,-23.70799999999963,-1185.3999999999814,-1200.3999999999814,0.0,0.0,biden
2024-10-28,SHORT,5937.25,0.005461473327688315,1,17.811749999999847,890.5874999999924,875.5874999999924,0.0,0.0,biden
2024-10-29,LONG,5852.0,-0.011736890990458493,1,17.555999999999585,877.7999999999793,862.7999999999793,0.0,0.0,biden
2024-11-04,SHORT,5819.0,0.011164690038663716,1,17.457000000000335,872.8500000000167,857.8500000000167,0.0,0.0,biden
2024-11-06,SHORT,6045.0,0.029198944411338967,1,18.13500000000022,906.7500000000109,891.7500000000109,0.0,0.0,biden
2024-11-14,LONG,6015.25,-0.010771697570201022,1,18.045749999999316,902.2874999999658,887.2874999999658,0.0,0.0,biden
2024-11-15,SHORT,6006.75,0.005019450370184364,1,18.020249999999578,901.0124999999789,886.0124999999789,0.0,0.0,biden
2024-11-19,LONG,5883.75,-0.01708152355496162,1,17.65124999999898,882.5624999999491,867.5624999999491,0.0,0.0,biden
2024-11-22,SHORT,6098.5,0.021524288107202638,1,18.295500000000175,914.7750000000087,899.7750000000087,0.0,0.0,biden
2024-11-25,SHORT,6149.5,0.01594250784734852,1,18.448500000000422,922.4250000000211,907.4250000000211,0.0,0.0,biden
2024-12-03,LONG,6126.25,-0.01041876993902191,-1,-24.50500000000011,-1225.2500000000055,-1240.2500000000055,0.0,0.0,biden
2024-12-05,LONG,6098.75,-0.01086648015245506,1,18.296249999999418,914.8124999999709,899.8124999999709,0.0,0.0,biden
2024-12-20,LONG,5907.25,-0.005052844330287631,1,17.7217499999997,886.0874999999851,871.0874999999851,0.0,0.0,biden
2024-12-24,SHORT,6101.5,0.010725970099805249,1,18.30450000000019,915.2250000000095,900.2250000000095,0.0,0.0,biden
2024-12-26,SHORT,6138.0,0.0063944909001476535,1,18.41399999999976,920.699999999988,905.699999999988,0.0,0.0,biden
2025-01-03,SHORT,5999.5,0.014371459971256995,1,17.998499999999694,899.9249999999847,884.9249999999847,0.0,0.0,biden
2025-01-10,SHORT,5976.0,0.005256739139577027,1,17.927999999999884,896.3999999999942,881.3999999999942,0.0,0.0,biden
2025-01-13,LONG,5872.0,-0.008108108108108136,-1,-23.488000000000284,-1174.4000000000142,-1189.4000000000142,0.0,0.0,biden
2025-01-15,SHORT,5964.75,0.014068344100645946,-1,-23.85900000000038,-1192.950000000019,-1207.950000000019,0.0,0.0,biden
2025-01-17,SHORT,6084.5,0.01781532285045162,1,18.253499999999804,912.6749999999902,897.6749999999902,0.0,0.0,biden
2025-01-20,LONG,6064.25,-0.01298014322916663,1,18.19274999999925,909.6374999999625,894.6374999999625,0.0,0.0,trump2
2025-01-21,LONG,6063.75,-0.007894306282722474,1,18.191249999998945,909.5624999999472,894.5624999999472,0.0,0.0,trump2
2025-01-23,LONG,6113.5,-0.010560388428080159,1,18.340499999999338,917.0249999999669,902.0249999999669,0.0,0.0,trump2
2025-01-24,SHORT,6272.75,0.009779459111397326,1,18.818250000000262,940.9125000000131,925.9125000000131,0.0,0.0,trump2
2025-02-03,LONG,6022.25,-0.01641419296884572,-1,-24.088999999999942,-1204.449999999997,-1219.449999999997,0.0,0.0,trump2
2025-02-04,SHORT,6079.5,0.008794490998091709,1,18.238500000000386,911.9250000000193,896.9250000000193,0.0,0.0,trump2
2025-02-11,LONG,6065.0,-0.013379966651754893,1,18.19499999999971,909.7499999999854,894.7499999999854,0.0,0.0,trump2
2025-02-17,SHORT,6201.75,0.010674271745773067,1,18.605249999999614,930.2624999999807,915.2624999999807,0.0,0.0,trump2
2025-02-21,SHORT,6241.5,0.007465396876639385,1,18.724500000000262,936.2250000000131,921.2250000000131,0.0,0.0,trump2
2025-03-06,LONG,5827.5,-0.013166250370433064,-1,-23.3100000000004,-1165.50000000002,-1180.50000000002,0.0,0.0,trump2
2025-03-11,LONG,5612.5,-0.01832174559447286,1,16.837499999999636,841.8749999999818,826.8749999999818,0.0,0.0,trump2
2025-03-12,SHORT,5635.5,0.0093131548311991,-1,-22.54200000000037,-1127.1000000000186,-1142.1000000000186,0.0,0.0,trump2
2025-03-13,SHORT,5650.0,0.007938631701007948,1,16.949999999999818,847.4999999999909,832.4999999999909,0.0,0.0,trump2
2025-03-14,SHORT,5572.0,0.009191759112519904,-1,-22.288000000000466,-1114.4000000000233,-1129.4000000000233,0.0,0.0,trump2
2025-03-18,LONG,5657.25,-0.01316994461645804,1,16.9717499999997,848.5874999999851,833.5874999999851,0.0,0.0,trump2
2025-03-25,SHORT,5876.25,0.010793841919669811,1,17.628749999999854,881.4374999999927,866.4374999999927,0.0,0.0,trump2
2025-03-26,LONG,5824.0,-0.009018206567976805,1,17.471999999999753,873.5999999999876,858.5999999999876,0.0,0.0,trump2
2025-04-03,LONG,5512.25,-0.036067150476523535,1,16.5367499999993,826.8374999999651,811.8374999999651,0.0,0.0,trump2
2025-04-04,LONG,5301.25,-0.032662743487979595,1,15.90374999999949,795.1874999999745,780.1874999999745,0.0,0.0,trump2
2025-04-08,SHORT,5272.0,0.03397891640107864,-1,-21.087999999999738,-1054.399999999987,-1069.399999999987,0.0,0.0,trump2
2025-04-09,LONG,5032.5,-0.00592592592592589,-1,-20.13000000000011,-1006.5000000000055,-1021.5000000000055,0.0,0.0,trump2
2025-04-10,LONG,5375.5,-0.02121267297887841,1,16.126499999999396,806.3249999999698,791.3249999999698,0.0,0.0,trump2
2025-04-15,LONG,5449.25,-0.006789392144354367,1,16.347749999998996,817.3874999999498,802.3874999999498,0.0,0.0,trump2
2025-04-21,LONG,5303.5,-0.009755869859496835,-1,-21.213999999999942,-1060.699999999997,-1075.699999999997,0.0,0.0,trump2
2025-04-22,SHORT,5325.0,0.027298157615510688,1,15.975000000000364,798.7500000000182,783.7500000000182,0.0,0.0,trump2
2025-05-01,SHORT,5692.25,0.009040549523598562,1,17.076750000000175,853.8375000000087,838.8375000000087,0.0,0.0,trump2
2025-05-02,SHORT,5730.0,0.018440346589646772,1,17.1899999999996,859.49999999998,844.49999999998,0.0,0.0,trump2
2025-05-07,LONG,5638.5,-0.005906205923836394,1,16.915499999999156,845.7749999999578,830.7749999999578,0.0,0.0,trump2
2025-05-08,SHORT,5688.75,0.0070812126576675904,-1,-22.75500000000011,-1137.7500000000055,-1152.7500000000055,0.0,0.0,trump2
2025-05-13,LONG,5869.75,-0.015968147527242293,1,17.60924999999952,880.462499999976,865.462499999976,0.0,0.0,trump2
2025-05-15,LONG,5889.0,-0.012078510317060864,1,17.66699999999946,883.3499999999731,868.3499999999731,0.0,0.0,trump2
2025-05-16,SHORT,5996.0,0.00972508735738642,1,17.988000000000284,899.4000000000142,884.4000000000142,0.0,0.0,trump2
2025-05-21,LONG,5914.5,-0.00684270181772384,1,17.743499999999585,887.1749999999793,872.1749999999793,0.0,0.0,trump2
2025-05-22,SHORT,5955.0,0.007102993404363378,1,17.86499999999978,893.2499999999891,878.2499999999891,0.0,0.0,trump2
2025-05-26,SHORT,5936.75,0.010682669390534638,1,17.81025000000045,890.5125000000226,875.5125000000226,0.0,0.0,trump2
2025-05-27,LONG,5886.25,-0.009840615669288066,1,17.6587499999996,882.93749999998,867.93749999998,0.0,0.0,trump2
2025-05-29,SHORT,6005.5,0.017622638312293493,1,18.016499999999724,900.8249999999862,885.8249999999862,0.0,0.0,trump2
2025-06-06,SHORT,6057.0,0.01029982069138069,1,18.171000000000276,908.5500000000138,893.5500000000138,0.0,0.0,trump2
2025-06-16,SHORT,6067.25,0.006887109488445509,1,18.201750000000175,910.0875000000087,895.0875000000087,0.0,0.0,trump2
2025-06-18,SHORT,6093.5,0.00844021514273896,1,18.280499999999847,914.0249999999924,899.0249999999924,0.0,0.0,trump2
2025-06-20,SHORT,6110.75,0.022163676661230314,1,18.332250000000386,916.6125000000193,901.6125000000193,0.0,0.0,trump2
2025-06-24,SHORT,6167.25,0.014892829226148763,1,18.501750000000357,925.0875000000178,910.0875000000178,0.0,0.0,trump2
2025-07-01,LONG,6235.25,-0.011062648691514632,1,18.70574999999917,935.2874999999585,920.2874999999585,0.0,0.0,trump2
2025-07-02,SHORT,6296.5,0.007601216194591087,1,18.889500000000226,944.4750000000113,929.4750000000113,0.0,0.0,trump2
2025-07-04,LONG,6284.5,-0.006167470546374676,1,18.853499999999258,942.6749999999629,927.6749999999629,0.0,0.0,trump2
2025-07-11,LONG,6290.5,-0.005375919044983801,1,18.871499999999287,943.5749999999643,928.5749999999643,0.0,0.0,trump2
2025-07-17,LONG,6304.5,-0.00814159292035399,1,18.913499999999658,945.6749999999829,930.6749999999829,0.0,0.0,trump2
2025-07-21,LONG,6345.5,-0.006730844486186105,1,19.03649999999925,951.8249999999625,936.8249999999625,0.0,0.0,trump2
2025-07-25,LONG,6405.0,-0.008091679894692061,1,19.214999999999236,960.7499999999618,945.7499999999618,0.0,0.0,trump2
2025-07-28,LONG,6429.0,-0.007832092287511139,1,19.286999999999352,964.3499999999676,949.3499999999676,0.0,0.0,trump2
2025-07-31,SHORT,6502.75,0.007436384058251644,1,19.50824999999986,975.4124999999931,960.4124999999931,0.0,0.0,trump2
2025-08-05,LONG,6363.75,-0.007137842265387273,1,19.09124999999949,954.5624999999745,939.5624999999745,0.0,0.0,trump2
2025-08-07,SHORT,6457.25,0.013418605563620734,1,19.371750000000247,968.5875000000124,953.5875000000124,0.0,0.0,trump2
2025-08-08,SHORT,6439.5,0.011307420494699683,1,19.318500000000313,965.9250000000156,950.9250000000156,0.0,0.0,trump2
2025-08-13,SHORT,6597.5,0.011421125249118536,1,19.792499999999563,989.6249999999782,974.6249999999782,0.0,0.0,trump2
2025-08-22,SHORT,6463.5,0.011779438813446452,1,19.39050000000043,969.5250000000215,954.5250000000215,0.0,0.0,trump2
2025-08-25,LONG,6470.0,-0.01036289243241173,1,19.409999999998945,970.4999999999472,955.4999999999472,0.0,0.0,trump2
2025-09-03,LONG,6448.75,-0.00512958963282939,1,19.3462499999996,967.31249999998,952.31249999998,0.0,0.0,trump2
2025-09-11,LONG,6557.75,-0.005459715639810403,1,19.673249999998916,983.6624999999458,968.6624999999458,0.0,0.0,trump2
2025-09-15,LONG,6609.25,-0.005267712683899584,1,19.82774999999947,991.3874999999734,976.3874999999734,0.0,0.0,trump2
2025-09-24,SHORT,6785.5,0.010386032833265002,1,20.35649999999987,1017.8249999999935,1002.8249999999935,0.0,0.0,trump2
2025-09-25,LONG,6660.0,-0.005153484203450631,1,19.979999999999563,998.9999999999782,983.9999999999782,0.0,0.0,trump2
2025-10-06,SHORT,6844.25,0.011714708056171474,1,20.532750000000306,1026.6375000000153,1011.6375000000153,0.0,0.0,trump2
2025-10-07,SHORT,6852.25,0.009390881638064341,1,20.556749999999738,1027.837499999987,1012.8374999999869,0.0,0.0,trump2
2025-10-13,SHORT,6728.75,0.011766032629125567,1,20.186249999999745,1009.3124999999873,994.3124999999873,0.0,0.0,trump2
2025-10-14,LONG,6634.0,-0.009037269400253956,-1,-26.536000000000058,-1326.800000000003,-1341.800000000003,0.0,0.0,trump2
2025-10-23,LONG,6739.25,-0.007876044311950214,1,20.217749999998887,1010.8874999999443,995.8874999999443,0.0,0.0,trump2
2025-10-24,SHORT,6820.75,0.006789918447175136,-1,-27.283000000000357,-1364.1500000000178,-1379.1500000000178,0.0,0.0,trump2
2025-11-04,LONG,6810.25,-0.019014008426662787,1,20.430749999999534,1021.5374999999767,1006.5374999999767,0.0,0.0,trump2
2025-11-05,LONG,6798.5,-0.009326047358834244,1,20.39549999999963,1019.7749999999814,1004.7749999999814,0.0,0.0,trump2
2025-11-07,LONG,6778.25,-0.011592723560934659,-1,-27.113000000000284,-1355.6500000000142,-1370.6500000000142,0.0,0.0,trump2
2025-11-10,SHORT,6935.0,0.026912967830303947,1,20.80500000000029,1040.2500000000146,1025.2500000000146,0.0,0.0,trump2
2025-11-18,LONG,6656.75,-0.013449425713227159,1,19.970249999999396,998.5124999999698,983.5124999999698,0.0,0.0,trump2
2025-11-27,LONG,6829.25,-0.007917196295623707,1,20.487749999999323,1024.3874999999662,1009.3874999999662,0.0,0.0,trump2
2025-12-02,SHORT,6902.75,0.011873786051966206,1,20.70824999999968,1035.412499999984,1020.412499999984,0.0,0.0,trump2
2025-12-11,SHORT,6926.75,0.005042077771329145,1,20.780249999999796,1039.0124999999898,1024.0124999999898,0.0,0.0,trump2
2025-12-15,SHORT,6980.5,0.01298795530401975,1,20.941499999999905,1047.0749999999953,1032.0749999999953,0.0,0.0,trump2
2025-12-18,SHORT,6787.25,0.009444134597508924,-1,-27.149000000000342,-1357.450000000017,-1372.450000000017,0.0,0.0,trump2
2025-12-22,SHORT,6921.75,0.0054472164723826655,-1,-27.686999999999898,-1384.349999999995,-1399.349999999995,0.0,0.0,trump2
2025-12-24,LONG,6959.0,-0.007523086248083621,1,20.876999999999498,1043.849999999975,1028.849999999975,0.0,0.0,trump2
2026-01-09,SHORT,7025.25,0.009266242861760476,1,21.07574999999997,1053.7874999999985,1038.7874999999985,0.0,0.0,trump2
2026-01-15,SHORT,7009.0,0.005884041331802425,-1,-28.036000000000058,-1401.800000000003,-1416.800000000003,0.0,0.0,trump2
2026-01-16,SHORT,7050.75,0.009449157092236593,1,21.152250000000095,1057.6125000000047,1042.6125000000047,0.0,0.0,trump2
2026-01-19,LONG,6896.5,-0.019303921220093168,1,20.689499999999498,1034.474999999975,1019.4749999999749,0.0,0.0,trump2
2026-01-20,LONG,6871.75,-0.006002965320218379,1,20.615249999998923,1030.7624999999462,1015.7624999999462,0.0,0.0,trump2
2026-01-22,SHORT,6956.0,0.006511358703516157,-1,-27.823999999999614,-1391.1999999999807,-1406.1999999999807,0.0,0.0,trump2
2026-02-05,LONG,6853.5,-0.007638009049773742,1,20.560499999999593,1028.0249999999796,1013.0249999999796,0.0,0.0,trump2
2026-02-06,SHORT,6856.25,0.005647024311539628,-1,-27.425000000000182,-1371.250000000009,-1386.250000000009,0.0,0.0,trump2
2026-02-11,SHORT,7003.75,0.006105225354641863,1,21.011250000000473,1050.5625000000236,1035.5625000000236,0.0,0.0,trump2
2026-02-27,LONG,6855.75,-0.009499385971248997,0,-2.25,-112.5,-127.5,0.0,0.0,trump2
2026-03-02,LONG,6811.0,-0.011214749755017572,1,20.432999999999083,1021.6499999999542,1006.6499999999542,0.0,0.0,trump2
2026-03-03,LONG,6772.75,-0.01662492286471373,1,20.318249999999352,1015.9124999999676,1000.9124999999676,0.0,0.0,trump2
2026-03-06,LONG,6752.25,-0.012106803218727147,-1,-27.009000000000015,-1350.4500000000007,-1365.4500000000007,0.0,0.0,trump2
2026-03-09,LONG,6681.5,-0.009047089358546478,-1,-26.725999999999658,-1336.299999999983,-1351.299999999983,0.0,0.0,trump2
2026-03-16,SHORT,6746.75,0.009010693187766483,0,-25.25,-1262.5,-1277.5,0.0,0.0,trump2
2026-03-17,SHORT,6787.75,0.005034240236905463,0,-15.25,-762.5,-777.5,0.0,0.0,trump2
2026-03-19,LONG,6629.25,-0.0071885881163652465,1,19.88774999999896,994.387499999948,979.387499999948,0.0,0.0,trump2
2026-03-23,SHORT,6658.0,0.014513732810178759,1,19.97400000000016,998.700000000008,983.700000000008,0.0,0.0,trump2
2026-03-24,LONG,6589.25,-0.006371107592550662,0,0.5,25.0,10.0,0.0,0.0,trump2
2026-03-25,SHORT,6661.75,0.008286665657635917,1,19.985249999999724,999.2624999999862,984.2624999999862,0.0,0.0,trump2
2026-03-26,LONG,6593.0,-0.00737729599518222,1,19.77899999999954,988.9499999999771,973.9499999999771,0.0,0.0,trump2
2026-03-30,SHORT,6467.75,0.009442428498966038,1,19.4032500000003,970.1625000000149,955.1625000000149,0.0,0.0,trump2
2026-03-31,SHORT,6457.25,0.010880200383546645,-1,-25.828999999999724,-1291.4499999999862,-1306.4499999999862,0.0,0.0,trump2
2026-04-01,SHORT,6606.25,0.0056705739077484996,0,-5.0,-250.0,-265.0,0.0,0.0,trump2
2026-04-02,LONG,6527.75,-0.013860563486668198,1,19.58324999999968,979.162499999984,964.162499999984,0.0,0.0,trump2
2026-04-08,SHORT,6829.5,0.02614379084967311,1,20.488500000000386,1024.4250000000193,1009.4250000000193,0.0,0.0,trump2
2026-04-17,SHORT,7121.25,0.006288197265694073,0,-22.25,-1112.5,-1127.5,0.0,0.0,trump2
2026-04-22,SHORT,7150.25,0.00704200556318435,0,-2.5,-125.0,-140.0,0.0,0.0,trump2
