ts_pdt,strategy,side,entry,exit,pnl_pts,pnl_dollars,size,order_id,entry_order_id,fire_ts_pdt,fired_tp_dist,fired_sl_dist,dead_tape_clipped,vol_bp_at_fire,regime_at_fire,v18_proba,v18_decision,mfe_pts,mae_pts,horizon_close,cf_pnl_designed_tp,cf_pnl_designed_sl,cf_pnl_at_125_10,cf_pnl_at_25_10
2026-04-16 06:45:59-07:00,DynamicEngine3,LONG,7070.75,7060.75,-10.0,-151.86,3,2830653442,2830653441,2026-04-16 03:56:13-07:00,12.5,10.0,False,,,,,0.0,7.0,,,,,
2026-04-16 09:41:48-07:00,DynamicEngine3,LONG,7060.75,7063.75,3.0,28.76,2,2831069052,2831069051,2026-04-16 06:51:13-07:00,25.0,10.0,False,,,,,2.0,14.0,,,,,
2026-04-16 10:02:16-07:00,DynamicEngine3,LONG,7053.0,7053.5,0.5,4.4,3,2832788146,2832621500,,,,False,,,,,,,,,,,
2026-04-16 10:13:15-07:00,DynamicEngine3,SHORT,7053.5,7061.5,-8.0,-81.24,2,2832788148,2832788146,,,,False,,,,,,,,,,,
2026-04-16 11:10:18-07:00,DynamicEngine3,LONG,7052.0,7073.75,21.75,323.15,3,2834146409,2833272702,2026-04-16 09:56:12-07:00,25.0,10.0,False,,,,,21.75,0.0,,,,,
2026-04-16 11:12:17-07:00,DynamicEngine3,SHORT,7073.75,7073.83,0.0,-1.86,2,2834184216,2834146409,,,,False,,,,,,,,,,,
2026-04-16 11:39:19-07:00,DynamicEngine3,LONG,7074.0,7077.0,3.0,14.38,1,2834184218,2834184216,2026-04-16 11:12:17-07:00,25.0,10.0,False,,,,,0.0,18.25,,,,,
2026-04-16 12:33:17-07:00,DynamicEngine3,LONG,7085.25,7075.25,-10.0,-151.86,3,2834799836,2834799834,2026-04-16 12:01:15-07:00,25.0,10.0,False,,,,,0.0,18.5,,,,,
2026-04-16 12:59:27-07:00,DynamicEngine3,LONG,7067.5,7069.0,1.5,13.76,2,2835096779,2835096778,,,,False,,,,,,,,,,,
2026-04-16 13:17:16-07:00,DynamicEngine3,LONG,7069.0,7062.5,-6.75,-69.36,2,2835504576,2835344195,2026-04-16 13:00:13-07:00,25.0,10.0,False,,,,,8.5,0.0,,,,,
2026-04-16 21:40:18-07:00,DynamicEngine3,LONG,7082.5,7084.0,1.5,19.4,3,2837496274,2837445518,2026-04-16 21:27:13-07:00,12.5,10.0,False,,,,,0.5,3.25,,,,,
2026-04-16 22:40:17-07:00,DynamicEngine3,LONG,7080.75,7080.5,-0.25,-6.85,3,2837679083,2837596403,2026-04-16 22:12:01-07:00,12.5,10.0,False,,,,,0.75,4.0,,,,,
2026-04-17 09:02:16-07:00,DynamicEngine3,LONG,7115.25,7128.25,13.0,193.14,3,2839169045,2839169044,2026-04-17 08:46:14-07:00,25.0,10.0,False,,,,,63.0,0.0,,,,,
2026-04-18 01:55:27-07:00,DynamicEngine3,LONG,6812.0,6815.5,3.5,16.26,1,500002,500001,,,,False,,,,,,,,,,,
2026-04-18 01:55:34-07:00,DynamicEngine3,LONG,6816.0,6828.5,12.5,183.78,3,500006,500004,,,,False,,,,,,,,,,,
2026-04-18 01:55:41-07:00,DynamicEngine3,LONG,6810.5,6835.5,25.0,371.28,3,500009,500007,,,,False,,,,,,,,,,,
2026-04-18 01:55:42-07:00,DynamicEngine3,LONG,6836.75,6828.75,-8.0,-41.24,1,500011,500010,,,,False,,,,,,,,,,,
2026-04-18 01:55:42-07:00,DynamicEngine3,LONG,6827.75,6829.75,2.0,26.28,3,500014,500013,,,,False,,,,,,,,,,,
2026-04-18 01:55:43-07:00,DynamicEngine3,LONG,6830.25,6850.25,20.0,98.76,1,500018,500016,,,,False,,,,,,,,,,,
2026-04-18 01:55:43-07:00,DynamicEngine3,SHORT,6845.0,6855.0,-10.0,-102.48,2,500020,500019,,,,False,,,,,,,,,,,
2026-04-18 01:55:44-07:00,DynamicEngine3,SHORT,6860.75,6858.75,2.0,17.52,2,500023,500022,,,,False,,,,,,,,,,,
2026-04-18 01:55:44-07:00,DynamicEngine3,LONG,6856.75,6846.75,-10.0,-51.24,1,500026,500025,,,,False,,,,,,,,,,,
2026-04-18 01:55:47-07:00,DynamicEngine3,LONG,6857.25,6860.0,2.75,12.51,1,500029,500028,,,,False,,,,,,,,,,,
2026-04-18 01:55:52-07:00,DynamicEngine3,LONG,6860.5,6875.0,14.5,71.26,1,500032,500031,,,,False,,,,,,,,,,,
2026-04-18 01:56:15-07:00,DynamicEngine3,LONG,6876.25,6901.25,25.0,371.28,3,500036,500034,,,,False,,,,,,,,,,,
2026-04-18 01:56:23-07:00,DynamicEngine3,LONG,6902.25,6927.25,25.0,123.76,1,500039,500037,,,,False,,,,,,,,,,,
2026-04-18 01:57:01-07:00,DynamicEngine3,LONG,6921.75,6934.0,12.25,180.03,3,500041,500040,,,,False,,,,,,,,,,,
2026-04-18 01:57:09-07:00,DynamicEngine3,LONG,6930.0,6941.25,11.25,165.03,3,500044,500043,,,,False,,,,,,,,,,,
2026-04-18 01:57:12-07:00,DynamicEngine3,SHORT,6950.25,6960.25,-10.0,-102.48,2,500047,500046,,,,False,,,,,,,,,,,
2026-04-18 01:57:12-07:00,DynamicEngine3,SHORT,6958.25,6957.25,1.0,7.52,2,500052,500049,,,,False,,,,,,,,,,,
2026-04-18 01:57:13-07:00,DynamicEngine3,LONG,6957.25,6968.5,11.25,55.01,1,500056,500053,,,,False,,,,,,,,,,,
2026-04-18 01:57:14-07:00,DynamicEngine3,SHORT,6968.5,6970.75,-2.25,-24.98,2,500060,500057,,,,False,,,,,,,,,,,
2026-04-18 01:57:17-07:00,DynamicEngine3,LONG,6970.75,6980.25,9.5,46.26,1,500064,500061,,,,False,,,,,,,,,,,
2026-04-18 01:57:18-07:00,DynamicEngine3,SHORT,6980.25,6987.5,-7.25,-74.98,2,500068,500065,,,,False,,,,,,,,,,,
2026-04-18 01:57:29-07:00,DynamicEngine3,LONG,6987.5,6990.5,3.0,13.76,1,500070,500069,,,,False,,,,,,,,,,,
2026-04-18 01:57:40-07:00,DynamicEngine3,LONG,6993.0,6995.5,2.5,22.52,2,500073,500072,,,,False,,,,,,,,,,,
2026-04-18 01:57:40-07:00,DynamicEngine3,LONG,6995.5,6985.5,-10.0,-102.48,2,500076,500075,,,,False,,,,,,,,,,,
2026-04-18 01:57:48-07:00,DynamicEngine3,LONG,6988.5,7000.25,11.75,115.02,2,500079,500078,,,,False,,,,,,,,,,,
2026-04-18 01:58:21-07:00,DynamicEngine3,LONG,6999.5,7003.75,4.25,20.01,1,500082,500081,,,,False,,,,,,,,,,,
2026-04-18 01:58:31-07:00,DynamicEngine3,LONG,7002.75,7004.5,1.75,22.53,3,500085,500084,,,,False,,,,,,,,,,,
2026-04-18 01:58:35-07:00,DynamicEngine3,LONG,7004.0,6994.0,-10.0,-153.72,3,500088,500087,,,,False,,,,,,,,,,,
2026-04-18 01:58:40-07:00,DynamicEngine3,LONG,6996.75,7009.75,13.0,191.28,3,500091,500090,,,,False,,,,,,,,,,,
2026-04-18 01:58:42-07:00,DynamicEngine3,LONG,7003.75,7009.5,5.75,82.53,3,500094,500093,,,,False,,,,,,,,,,,
2026-04-18 01:58:45-07:00,DynamicEngine3,LONG,7016.0,7018.0,2.0,8.76,1,500097,500096,,,,False,,,,,,,,,,,
2026-04-18 01:58:45-07:00,DynamicEngine3,LONG,7014.25,7006.25,-8.0,-123.72,3,500100,500099,,,,False,,,,,,,,,,,
2026-04-18 01:58:46-07:00,DynamicEngine3,LONG,7005.25,7007.5,2.25,30.03,3,500103,500102,,,,False,,,,,,,,,,,
2026-04-18 01:58:47-07:00,DynamicEngine3,SHORT,7013.5,7015.0,-1.5,-17.48,2,500108,500105,,,,False,,,,,,,,,,,
2026-04-18 01:58:48-07:00,DynamicEngine3,LONG,7015.0,7030.5,15.5,76.26,1,500112,500109,,,,False,,,,,,,,,,,
2026-04-18 01:58:48-07:00,DynamicEngine3,SHORT,7030.5,7032.25,-1.75,-19.98,2,500116,500113,,,,False,,,,,,,,,,,
2026-04-18 01:58:49-07:00,DynamicEngine3,LONG,7032.25,7022.25,-10.0,-51.24,1,500118,500117,,,,False,,,,,,,,,,,
2026-04-18 01:58:49-07:00,DynamicEngine3,LONG,7021.75,7029.25,7.5,36.26,1,500123,500120,,,,False,,,,,,,,,,,
2026-04-18 01:58:51-07:00,DynamicEngine3,SHORT,7029.25,7035.75,-6.5,-67.48,2,500127,500124,,,,False,,,,,,,,,,,
2026-04-18 01:58:55-07:00,DynamicEngine3,LONG,7035.75,7025.75,-10.0,-51.24,1,500129,500128,,,,False,,,,,,,,,,,
2026-04-18 01:58:56-07:00,DynamicEngine3,SHORT,7026.25,7036.25,-10.0,-153.72,3,500132,500131,,,,False,,,,,,,,,,,
2026-04-18 01:59:06-07:00,DynamicEngine3,LONG,7035.0,7060.0,25.0,371.28,3,500136,500134,,,,False,,,,,,,,,,,
2026-04-18 01:59:35-07:00,DynamicEngine3,LONG,7059.0,7072.5,13.5,198.78,3,500140,500137,,,,False,,,,,,,,,,,
2026-04-18 01:59:57-07:00,DynamicEngine3,LONG,7070.5,7060.5,-10.0,-153.72,3,500150,500149,,,,False,,,,,,,,,,,
2026-04-18 02:00:06-07:00,DynamicEngine3,LONG,7060.5,7063.75,3.25,30.02,2,500153,500152,,,,False,,,,,,,,,,,
2026-04-18 02:00:07-07:00,DynamicEngine3,LONG,7053.5,7054.5,1.0,11.28,3,500158,500155,,,,False,,,,,,,,,,,
2026-04-18 02:00:08-07:00,DynamicEngine3,SHORT,7054.5,7062.5,-8.0,-82.48,2,500160,500159,,,,False,,,,,,,,,,,
2026-04-18 02:00:11-07:00,DynamicEngine3,LONG,7052.25,7077.25,25.0,371.28,3,500164,500162,,,,False,,,,,,,,,,,
2026-04-18 02:00:12-07:00,DynamicEngine3,LONG,7079.0,7069.0,-10.0,-51.24,1,500166,500165,,,,False,,,,,,,,,,,
2026-04-18 02:00:13-07:00,DynamicEngine3,LONG,7069.0,7073.0,4.0,18.76,1,500169,500168,,,,False,,,,,,,,,,,
2026-04-18 02:00:23-07:00,DynamicEngine3,LONG,7074.25,7077.75,3.5,16.26,1,500172,500171,,,,False,,,,,,,,,,,
2026-04-18 02:00:23-07:00,DynamicEngine3,LONG,7078.75,7068.75,-10.0,-102.48,2,500175,500174,,,,False,,,,,,,,,,,
2026-04-18 02:00:25-07:00,DynamicEngine3,LONG,7065.75,7069.0,3.25,15.01,1,500178,500177,,,,False,,,,,,,,,,,
2026-04-18 02:00:26-07:00,DynamicEngine3,LONG,7069.25,7059.25,-10.0,-102.48,2,500181,500180,,,,False,,,,,,,,,,,
2026-04-18 02:00:27-07:00,DynamicEngine3,SHORT,7063.25,7071.5,-8.25,-127.47,3,500186,500183,,,,False,,,,,,,,,,,
2026-04-18 02:00:29-07:00,DynamicEngine3,LONG,7071.5,7061.5,-10.0,-153.72,3,500188,500187,,,,False,,,,,,,,,,,
2026-04-18 02:01:05-07:00,DynamicEngine3,LONG,7063.75,7076.75,13.0,191.28,3,500191,500190,,,,False,,,,,,,,,,,
2026-04-18 02:01:35-07:00,DynamicEngine3,LONG,7089.5,7114.5,25.0,371.28,3,500220,500218,,,,False,,,,,,,,,,,
2026-04-18 02:01:37-07:00,DynamicEngine3,LONG,7115.25,7128.25,13.0,191.28,3,500231,500230,,,,False,,,,,,,,,,,
2026-04-18 02:01:38-07:00,DynamicEngine3,LONG,7130.5,7140.5,10.0,48.76,1,500234,500233,,,,False,,,,,,,,,,,
2026-04-18 02:01:39-07:00,DynamicEngine3,LONG,7140.5,7132.5,-8.0,-41.24,1,500237,500236,,,,False,,,,,,,,,,,
2026-04-18 02:01:39-07:00,DynamicEngine3,LONG,7133.75,7125.75,-8.0,-123.72,3,500240,500239,,,,False,,,,,,,,,,,
2026-04-18 02:01:40-07:00,DynamicEngine3,LONG,7121.25,7134.0,12.75,187.53,3,500245,500242,,,,False,,,,,,,,,,,
2026-04-18 02:01:40-07:00,DynamicEngine3,SHORT,7134.0,7132.0,2.0,17.52,2,500247,500246,,,,False,,,,,,,,,,,
2026-04-18 02:01:40-07:00,DynamicEngine3,LONG,7125.75,7117.75,-8.0,-41.24,1,500250,500249,,,,False,,,,,,,,,,,
2026-04-18 02:01:41-07:00,DynamicEngine3,LONG,7127.25,7147.25,20.0,98.76,1,500254,500252,,,,False,,,,,,,,,,,
2026-04-18 02:01:42-07:00,DynamicEngine3,SHORT,7146.5,7150.5,-4.0,-42.48,2,500258,500255,,,,False,,,,,,,,,,,
2026-04-18 02:01:44-07:00,DynamicEngine3,LONG,7150.5,7162.75,12.25,60.01,1,500262,500259,,,,False,,,,,,,,,,,
2026-04-18 02:01:44-07:00,DynamicEngine3,SHORT,7162.75,7170.0,-7.25,-74.98,2,500266,500263,,,,False,,,,,,,,,,,
2026-04-18 02:01:47-07:00,DynamicEngine3,LONG,7170.0,7160.0,-10.0,-51.24,1,500268,500267,,,,False,,,,,,,,,,,
2026-04-18 02:01:48-07:00,DynamicEngine3,LONG,7162.5,7168.75,6.25,90.03,3,500271,500270,,,,False,,,,,,,,,,,
2026-04-18 02:02:05-07:00,DynamicEngine3,LONG,7168.5,7172.75,4.25,20.01,1,500274,500273,,,,False,,,,,,,,,,,
2026-04-18 02:02:06-07:00,DynamicEngine3,LONG,7169.75,7159.75,-10.0,-102.48,2,500277,500276,,,,False,,,,,,,,,,,
2026-04-18 02:02:07-07:00,DynamicEngine3,LONG,7157.0,7161.0,4.0,37.52,2,500282,500279,,,,False,,,,,,,,,,,
2026-04-18 02:02:09-07:00,DynamicEngine3,SHORT,7161.0,7163.75,-2.75,-44.97,3,500286,500283,,,,False,,,,,,,,,,,
2026-04-18 02:02:10-07:00,DynamicEngine3,LONG,7163.75,7153.75,-10.0,-153.72,3,500288,500287,,,,False,,,,,,,,,,,
2026-04-18 02:02:12-07:00,DynamicEngine3,LONG,7155.5,7158.0,2.5,22.52,2,500291,500290,,,,False,,,,,,,,,,,
2026-04-20 07:05:48-07:00,DynamicEngine3,SHORT,7156.25,7155.5,0.75,6.26,2,2848312091,2848312089,2026-04-20 07:00:16-07:00,12.5,10.0,False,,calm_trend,,,10.25,0.5,,,,,
2026-04-20 07:31:29-07:00,DynamicEngine3,LONG,7154.25,7144.25,-10.0,-50.62,1,2848499959,2848499957,2026-04-20 07:08:02-07:00,25.0,10.0,False,,calm_trend,,,2.75,11.25,,,,,
2026-04-20 07:43:25-07:00,DynamicEngine3,LONG,7149.5,7139.5,-10.0,-151.86,3,2849070836,2849070835,2026-04-20 07:32:14-07:00,25.0,10.0,False,,calm_trend,,,0.0,24.25,,,,,
2026-04-20 08:04:20-07:00,DynamicEngine3,LONG,7136.5,7126.5,-10.0,-151.86,3,2849506877,2849506875,2026-04-20 07:52:13-07:00,25.0,10.0,False,,calm_trend,,,4.0,15.25,,,,,
2026-04-20 13:05:04-07:00,DynamicEngine3,LONG,7148.5,7147.75,-0.75,-4.37,1,2851939481,2851933524,2026-04-20 13:03:18-07:00,3.0,5.0,True,,dead_tape,,,3.0,3.0,,,,1.25,1.25
2026-04-20 17:44:58-07:00,DynamicEngine3,LONG,7152.75,7152.75,0.0,-0.62,1,2852583412,2852583411,2026-04-20 17:31:20-07:00,3.0,5.0,True,,dead_tape,,,8.0,2.5,,,,21.25,21.25
2026-04-21 02:01:18-07:00,DynamicEngine3,LONG,7158.25,7162.5,4.25,20.63,1,2853708190,2853708189,2026-04-21 00:07:14-07:00,25.0,10.0,False,,calm_trend,,,2.75,1.5,,,,,
2026-04-21 04:09:35-07:00,DynamicEngine3,LONG,7161.0,7169.75,8.75,43.13,1,2854008469,2854008468,2026-04-21 02:07:46-07:00,25.0,10.0,False,,calm_trend,,,0.75,3.5,,,,,
2026-04-21 05:04:20-07:00,DynamicEngine3,LONG,7172.25,7174.5,2.25,31.89,3,2854257551,2854257550,2026-04-21 04:16:14-07:00,25.0,10.0,False,,calm_trend,,,11.25,0.0,,,,,
2026-04-21 05:38:46-07:00,DynamicEngine3,LONG,7174.75,7164.75,-10.0,-101.24,2,2854417346,2854417345,2026-04-21 05:05:15-07:00,25.0,10.0,False,,calm_trend,,,2.75,8.0,,,,,
2026-04-21 07:58:26-07:00,DynamicEngine3,LONG,7148.5,7138.5,-10.0,-151.86,3,2857114977,2857114975,2026-04-21 07:52:17-07:00,25.0,10.0,False,,calm_trend,,,3.0,28.25,,,,,
2026-04-21 08:01:27-07:00,DynamicEngine3,LONG,7137.25,7127.25,-10.0,-151.86,3,2857289440,2857289439,,,,False,,calm_trend,,,,,,,,,
2026-04-21 10:19:17-07:00,DynamicEngine3,SHORT,7106.5,7099.5,7.0,34.38,1,2858896123,2858896121,2026-04-21 10:17:03-07:00,7.0,10.0,False,,calm_trend,,,10.0,26.5,,,,,
2026-04-21 10:32:18-07:00,DynamicEngine3,SHORT,7099.5,7109.5,-10.0,-50.62,1,2858937979,2858937978,2026-04-21 10:21:19-07:00,7.0,10.0,False,,calm_trend,,,0.25,33.25,,,,,
2026-04-21 12:50:04-07:00,DynamicEngine3,SHORT,7094.0,7104.0,-10.0,-101.24,2,2859909544,2859909542,2026-04-21 12:46:15-07:00,19.75,10.0,False,,neutral,,,1.5,46.75,,,,,
2026-04-21 23:08:02-07:00,DynamicEngine3,LONG,7134.0,7137.25,3.25,46.89,3,2860682495,2860682494,,,,False,,calm_trend,,,,,,,,,
2026-04-22 00:31:22-07:00,DynamicEngine3,LONG,7143.0,7144.25,2.25,30.65,3,2861764137,2861747403,2026-04-22 00:24:17-07:00,12.5,10.0,False,,calm_trend,,,5.0,0.5,,,,,
2026-04-22 01:47:19-07:00,DynamicEngine3,LONG,7136.75,7134.0,-3.25,-51.85,3,2861948748,2861877798,2026-04-22 01:21:14-07:00,12.5,10.0,False,,calm_trend,,,1.5,7.25,,,,,
2026-04-22 05:29:54-07:00,DynamicEngine3,LONG,7134.5,7148.25,13.75,68.13,1,2862091679,2862091678,,,,False,,neutral,,,,,,,,,
2026-04-22 05:49:17-07:00,DynamicEngine3,LONG,7148.25,7140.25,-8.0,-81.24,2,2862546516,2862546515,2026-04-22 05:31:13-07:00,10.0,8.0,False,,neutral,,,3.25,9.25,,,,,
2026-04-22 06:19:31-07:00,DynamicEngine3,SHORT,7141.0,7151.0,-10.0,-151.86,3,2862682458,2862682457,2026-04-22 05:51:01-07:00,25.0,10.0,False,,calm_trend,,,3.75,11.5,,,,,
2026-04-22 06:33:20-07:00,DynamicEngine3,SHORT,7145.25,7147.25,-2.25,-24.36,2,2863107118,2862917484,2026-04-22 06:22:18-07:00,25.0,10.0,False,,neutral,,,4.5,8.25,,,,,
2026-04-22 07:05:19-07:00,DynamicEngine3,LONG,7146.75,7150.0,3.25,15.63,1,2863107120,2863107118,2026-04-22 06:33:20-07:00,20.0,8.0,False,,calm_trend,,,10.75,6.75,,,,,
2026-04-22 09:32:21-07:00,DynamicEngine3,SHORT,7149.25,7149.75,-1.25,-22.47,3,2866090298,2866083471,2026-04-22 09:31:17-07:00,8.25,10.0,False,,calm_trend,,,1.75,7.5,,,,,
2026-04-22 09:37:32-07:00,DynamicEngine3,SHORT,7150.25,7150.5,-0.25,-5.61,3,2866107274,2866107273,2026-04-22 09:34:15-07:00,7.0,10.0,False,,neutral,,,4.0,5.25,,,,,
2026-04-22 09:39:22-07:00,DynamicEngine3,SHORT,7151.5,7151.75,-0.5,-11.22,3,2866141462,2866138056,2026-04-22 09:38:17-07:00,7.0,10.0,False,,calm_trend,,,4.5,4.75,,,,,
2026-04-22 09:42:23-07:00,DynamicEngine3,SHORT,7153.25,7154.75,-0.75,-14.97,3,2866165191,2866151836,2026-04-22 09:40:16-07:00,8.5,10.0,False,,calm_trend,,,7.25,8.75,,,,,
2026-04-22 09:46:17-07:00,DynamicEngine3,SHORT,7150.25,7149.25,1.0,13.14,3,2866179521,2866179520,2026-04-22 09:43:17-07:00,8.75,10.0,False,,calm_trend,,,2.75,13.25,,,,,
2026-04-22 16:59:18-07:00,DynamicEngine3,LONG,7162.0,7162.75,0.75,9.39,3,2867580377,2867580376,2026-04-22 15:08:15-07:00,25.0,10.0,False,,calm_trend,,,1.0,4.0,,,,,
2026-04-22 17:09:57-07:00,DynamicEngine3,LONG,7159.0,7149.0,-10.0,-50.62,1,2867944822,2867944820,2026-04-22 17:06:16-07:00,25.0,10.0,False,,calm_trend,,,1.5,52.5,,,,,
2026-04-22 17:13:02-07:00,DynamicEngine3,LONG,7145.75,7135.75,-10.0,-151.86,3,2867978193,2867978192,,,,False,,calm_trend,,,,,,,,,
2026-04-22 17:15:21-07:00,DynamicEngine3,LONG,7129.75,7119.75,-10.0,-151.86,3,2868032544,2868032543,2026-04-22 17:14:16-07:00,25.0,10.0,False,,calm_trend,,,27.5,25.25,,,,,
2026-04-23 00:46:24-07:00,DynamicEngine3,LONG,7141.5,7143.5,2.0,28.14,3,2869606044,2869606043,2026-04-23 00:41:16-07:00,12.5,10.0,False,,calm_trend,,,7.25,4.0,,,,,
2026-04-23 01:07:20-07:00,DynamicEngine3,LONG,7141.25,7140.5,-0.75,-4.37,1,2869666714,2869666713,2026-04-23 00:41:16-07:00,12.5,10.0,False,,calm_trend,,,7.25,4.0,,,,,
2026-04-23 01:29:22-07:00,DynamicEngine3,LONG,7139.0,7141.5,2.5,11.88,1,2869671991,2869671990,2026-04-23 01:08:14-07:00,25.0,10.0,False,,neutral,,,7.75,1.75,,,,,
2026-04-23 01:51:56-07:00,DynamicEngine3,LONG,7140.75,7130.75,-10.0,-50.62,1,2869737785,2869737784,2026-04-23 01:36:15-07:00,25.0,10.0,False,,calm_trend,,,0.0,13.5,,,,,
2026-04-23 02:13:58-07:00,DynamicEngine3,LONG,7127.5,7127.5,0.0,-0.62,1,2869812450,2869812449,2026-04-23 02:06:16-07:00,25.0,10.0,False,,calm_trend,,,13.25,1.5,,,,,
2026-04-23 03:22:20-07:00,DynamicEngine3,LONG,7131.5,7132.25,0.75,6.26,2,2869949560,2869949559,2026-04-23 03:16:15-07:00,25.0,10.0,False,,calm_trend,,,10.75,1.25,,,,,
2026-04-23 03:29:49-07:00,DynamicEngine3,LONG,7132.75,7134.5,1.75,24.39,3,2869964988,2869964987,2026-04-23 03:23:15-07:00,25.0,10.0,False,,calm_trend,,,9.25,0.0,,,,,
2026-04-23 03:38:25-07:00,DynamicEngine3,LONG,7134.5,7138.0,3.5,50.64,3,2869980676,2869980675,2026-04-23 03:30:15-07:00,25.0,10.0,False,,calm_trend,,,9.25,0.0,,,,,
2026-04-23 04:32:25-07:00,DynamicEngine3,LONG,7138.75,7138.0,-0.75,-8.74,2,2870127132,2870127131,2026-04-23 04:31:17-07:00,25.0,10.0,False,,calm_trend,,,25.0,3.75,,,,,
2026-04-23 04:39:00-07:00,DynamicEngine3,LONG,7135.5,7138.0,2.5,23.76,2,2870131962,2870131961,,,,False,,neutral,,,,,,,,,
2026-04-23 04:40:21-07:00,DynamicEngine3,LONG,7138.5,7139.0,0.5,3.76,2,2870154258,2870154257,2026-04-23 04:39:17-07:00,10.0,8.0,False,,neutral,,,31.25,0.25,,,,,
2026-04-23 05:30:29-07:00,DynamicEngine3,LONG,7138.5,7163.5,25.0,373.14,3,2870159291,2870159289,2026-04-23 04:41:15-07:00,25.0,10.0,False,,calm_trend,,,30.5,0.0,,,,,
2026-04-23 05:32:21-07:00,DynamicEngine3,LONG,7160.0,7160.0,0.0,-1.86,3,2870384332,2870384331,2026-04-23 05:31:20-07:00,25.0,10.0,False,,calm_trend,,,2.25,23.0,,,,,
2026-04-23 05:46:00-07:00,DynamicEngine3,LONG,7159.5,7149.5,-10.0,-101.24,2,2870396567,2870396566,2026-04-23 05:33:16-07:00,25.0,10.0,False,,neutral,,,1.25,23.75,,,,,
2026-04-23 06:02:01-07:00,DynamicEngine3,LONG,7151.25,7152.5,1.25,11.26,2,2870464134,2870464133,2026-04-23 05:47:16-07:00,10.0,8.0,False,,calm_trend,,,3.25,9.75,,,,,
2026-04-23 06:33:22-07:00,DynamicEngine3,LONG,7157.0,7155.5,-1.5,-8.12,1,2870774780,2870774778,,,,False,,calm_trend,,,,,,,,,
2026-04-23 06:40:28-07:00,DynamicEngine3,LONG,7157.5,7160.25,2.25,10.01,1,2870967639,2870897568,2026-04-23 06:37:15-07:00,20.0,8.0,False,,calm_trend,,,13.0,9.0,,,,,
2026-04-23 06:43:45-07:00,DynamicEngine3,LONG,7160.25,7162.0,1.75,8.13,1,2871045438,2871009272,2026-04-23 06:41:19-07:00,20.0,8.0,False,,calm_trend,,,9.75,12.25,,,,,
2026-04-23 06:51:24-07:00,DynamicEngine3,SHORT,7163.0,7163.25,-0.25,-3.74,2,2871276278,2871067577,2026-04-23 06:44:15-07:00,12.5,10.0,False,,neutral,,,13.75,8.25,,,,,
2026-04-23 06:53:35-07:00,DynamicEngine3,LONG,7163.5,7163.75,0.25,0.63,1,2871284135,2871284134,,,,False,,neutral,,,,,,,,,
2026-04-23 07:00:41-07:00,DynamicEngine3,LONG,7163.5,7155.5,-8.0,-121.86,3,2871367205,2871367204,2026-04-23 06:55:04-07:00,20.0,8.0,False,,calm_trend,,,3.5,14.75,,,,,
2026-04-23 07:06:35-07:00,DynamicEngine3,LONG,7155.25,7157.5,2.25,10.63,1,2871602009,2871602008,2026-04-23 06:32:19-07:00,20.0,8.0,False,,neutral,,,15.75,6.25,,,,,
2026-04-23 07:53:23-07:00,DynamicEngine3,SHORT,7162.5,7172.5,-10.0,-101.24,2,2872130127,2872130125,2026-04-23 06:44:15-07:00,12.5,10.0,False,,calm_trend,,,13.75,8.25,,,,,
2026-04-23 09:05:18-07:00,DynamicEngine3,LONG,7170.5,7160.5,-10.0,-50.62,1,2872570852,2872570851,,,,False,,neutral,,,,,,,,,
2026-04-23 10:19:03-07:00,DynamicEngine3,SHORT,7127.0,7124.5,2.5,35.64,3,2874117493,2874078176,,,,False,,calm_trend,,,,,,,,,
2026-04-23 10:30:28-07:00,DynamicEngine3,SHORT,7121.75,7118.5,3.25,46.89,3,2874173322,2874173321,,,,False,,neutral,,,,,,,,,
2026-04-23 10:35:02-07:00,DynamicEngine3,SHORT,7121.25,7131.25,-10.0,-151.86,3,2874281351,2874281350,,,,False,,neutral,,,,,,,,,
2026-04-23 10:36:44-07:00,DynamicEngine3,SHORT,7131.25,7122.25,9.0,133.14,3,2874312047,2874312045,,,,False,,calm_trend,,,,,,,,,
2026-04-23 10:39:05-07:00,DynamicEngine3,SHORT,7115.0,7116.75,-1.75,-28.11,3,2874359363,2874341293,,,,False,,calm_trend,,,,,,,,,
2026-04-23 10:40:24-07:00,DynamicEngine3,SHORT,7116.25,7109.25,7.0,103.14,3,2874361669,2874361666,2026-04-23 10:39:22-07:00,7.0,10.0,False,,neutral,,,37.0,20.5,,,,,
2026-04-23 10:42:31-07:00,DynamicEngine3,SHORT,7102.5,7104.25,-1.75,-28.11,3,2874389870,2874389866,,,,False,,calm_trend,,,,,,,,,
2026-04-23 10:45:28-07:00,DynamicEngine3,SHORT,7093.25,7086.25,7.0,103.14,3,2874433887,2874433885,,,,False,,calm_trend,,,,,,,,,
2026-04-23 10:58:21-07:00,DynamicEngine3,SHORT,7124.25,7115.75,8.5,125.64,3,2874607090,2874607087,,,,False,,calm_trend,,,,,,,,,
2026-04-23 12:07:50-07:00,DynamicEngine3,SHORT,7127.25,7137.25,-10.0,-101.24,2,2874977814,2874977813,,,,False,,neutral,,,,,,,,,
2026-04-23 12:32:19-07:00,DynamicEngine3,SHORT,7136.25,7146.25,-10.0,-101.24,2,2875011398,2875011397,2026-04-23 12:08:19-07:00,18.5,10.0,False,,neutral,,,8.5,9.75,,,,,
2026-04-23 12:56:05-07:00,DynamicEngine3,SHORT,7135.25,7138.5,-3.25,-16.87,1,2875223420,2875217263,,,,False,,dead_tape,,,,,,,,,
2026-04-23 12:58:28-07:00,DynamicEngine3,SHORT,7139.25,7144.25,-5.0,-25.62,1,2875224880,2875224879,2026-04-23 12:56:22-07:00,5.25,5.0,False,,dead_tape,,,9.75,8.25,,,,,
2026-04-23 13:00:57-07:00,DynamicEngine3,SHORT,7140.75,7137.75,3.0,14.38,1,2875244926,2875244924,,,,False,,dead_tape,,,,,,,,,
2026-04-23 13:05:23-07:00,DynamicEngine3,LONG,7143.0,7143.5,0.5,1.88,1,2875267825,2875261148,2026-04-23 13:03:15-07:00,3.0,5.0,True,,dead_tape,,,1.25,14.5,,,,-57.5,-57.5
2026-04-23 13:09:20-07:00,DynamicEngine3,LONG,7141.5,7136.5,-5.0,-25.62,1,2875273464,2875273463,2026-04-23 13:07:01-07:00,3.0,5.0,True,,dead_tape,,,0.0,12.75,,,,-57.5,-57.5
2026-04-23 17:10:23-07:00,DynamicEngine3,LONG,7157.0,7156.25,-0.75,-4.37,1,2875803162,2875803161,2026-04-23 17:07:17-07:00,3.0,5.0,True,,dead_tape,,,5.25,0.25,,,,15.0,15.0
2026-04-23 18:38:03-07:00,DynamicEngine3,LONG,7152.25,7155.25,3.0,14.38,1,2876234314,2876234312,2026-04-23 18:36:17-07:00,3.0,5.0,True,,dead_tape,,,5.5,1.25,,,,0.0,0.0
2026-04-23 18:40:04-07:00,DynamicEngine3,LONG,7156.0,7154.75,-1.25,-6.87,1,2876255895,2876247227,2026-04-23 17:07:17-07:00,3.0,5.0,True,,dead_tape,,,5.25,0.25,,,,15.0,15.0
2026-04-23 18:41:37-07:00,DynamicEngine3,LONG,7154.75,7155.5,0.75,3.13,1,2876256977,2876256976,2026-04-23 18:40:19-07:00,3.0,5.0,True,,dead_tape,,,3.25,4.0,,,,-18.75,-18.75
2026-04-23 19:25:03-07:00,DynamicEngine3,LONG,7151.0,7146.0,-5.0,-25.62,1,2876368438,2876368437,2026-04-23 19:12:18-07:00,3.0,5.0,True,,dead_tape,,,0.0,7.25,,,,-32.5,-32.5
2026-04-23 19:30:06-07:00,DynamicEngine3,LONG,7145.0,7146.0,1.0,4.38,1,2876449448,2876435287,2026-04-23 19:26:35-07:00,3.0,5.0,True,,dead_tape,,,2.75,5.25,,,,-25.0,-25.0
2026-04-23 20:01:44-07:00,DynamicEngine3,LONG,7142.5,7143.25,0.75,3.13,1,2876540801,2876540800,2026-04-23 19:51:17-07:00,3.0,5.0,True,,dead_tape,,,2.0,3.25,,,,-15.0,-15.0
2026-04-23 20:30:22-07:00,DynamicEngine3,LONG,7142.0,7137.0,-5.0,-25.62,1,2876663094,2876663093,2026-04-23 20:26:20-07:00,3.0,5.0,True,,dead_tape,,,1.25,5.25,,,,-15.0,-15.0
2026-04-24 00:59:35-07:00,DynamicEngine3,LONG,7150.75,7153.75,3.0,14.38,1,2877266269,2877266267,2026-04-24 00:36:14-07:00,3.0,5.0,True,,dead_tape,,,3.75,4.25,,,,-17.5,-17.5
2026-04-24 01:16:21-07:00,DynamicEngine3,LONG,7150.25,7153.25,3.0,14.38,1,2877339460,2877339458,2026-04-24 01:06:14-07:00,3.0,5.0,True,,dead_tape,,,9.25,8.75,,,,-36.25,-36.25
2026-04-24 01:44:22-07:00,DynamicEngine3,LONG,7147.5,7142.5,-5.0,-25.62,1,2877413195,2877413194,,,,False,,dead_tape,,,,,,,,,
2026-04-24 01:48:48-07:00,DynamicEngine3,LONG,7144.75,7147.75,3.0,14.38,1,2877451011,2877451009,2026-04-24 01:47:14-07:00,3.0,5.0,True,,dead_tape,,,3.5,4.25,,,,-15.0,-15.0
2026-04-24 02:03:02-07:00,DynamicEngine3,LONG,7145.75,7140.75,-5.0,-25.62,1,2877455483,2877455482,2026-04-24 01:49:14-07:00,3.0,5.0,True,,dead_tape,,,0.5,5.75,,,,-18.75,-18.75
2026-04-24 03:04:22-07:00,DynamicEngine3,LONG,7143.25,7143.75,0.5,1.88,1,2877592342,2877592341,2026-04-24 03:03:16-07:00,3.0,5.0,True,,dead_tape,,,8.75,1.5,,,,23.75,23.75
2026-04-24 03:14:23-07:00,DynamicEngine3,LONG,7143.0,7143.25,0.25,0.63,1,2877600474,2877600473,2026-04-24 03:06:14-07:00,3.0,5.0,True,,dead_tape,,,9.5,0.75,,,,35.0,35.0
2026-04-24 03:17:21-07:00,DynamicEngine3,LONG,7144.5,7145.0,0.5,1.88,1,2877620186,2877616121,2026-04-24 03:15:14-07:00,3.0,5.0,True,,dead_tape,,,7.75,0.25,,,,17.5,17.5
2026-04-24 05:18:56-07:00,DynamicEngine3,LONG,7175.0,7176.0,1.0,4.38,1,2878060195,2878060194,2026-04-24 05:14:16-07:00,3.0,5.0,True,,dead_tape,,,2.75,14.25,,,,-57.5,-57.5
2026-04-24 05:48:19-07:00,DynamicEngine3,LONG,7165.25,7166.0,0.75,3.13,1,2878230387,2878230386,2026-04-24 05:46:14-07:00,3.0,5.0,True,,dead_tape,,,5.25,10.75,,,,-57.5,-57.5
2026-04-24 05:49:36-07:00,DynamicEngine3,LONG,7164.25,7159.25,-5.0,-25.62,1,2878244919,2878244918,2026-04-24 05:46:14-07:00,3.0,5.0,True,,dead_tape,,,5.25,10.75,,,,-57.5,-57.5
2026-04-24 05:58:06-07:00,DynamicEngine3,LONG,7158.25,7161.25,3.0,14.38,1,2878267592,2878267590,2026-04-24 05:51:14-07:00,3.0,5.0,True,,dead_tape,,,11.75,4.5,,,,35.0,35.0
2026-04-24 06:00:47-07:00,DynamicEngine3,LONG,7162.0,7162.0,0.0,-0.62,1,2878312459,2878312458,2026-04-24 05:59:13-07:00,3.0,5.0,True,,dead_tape,,,9.25,0.0,,,,-1.25,-1.25
2026-04-24 06:17:21-07:00,DynamicEngine3,LONG,7167.5,7167.0,-0.5,-3.12,1,2878407571,2878407570,,,,False,,dead_tape,,,,,,,,,
2026-04-24 06:19:50-07:00,DynamicEngine3,LONG,7166.5,7169.5,3.0,14.38,1,2878417075,2878417073,2026-04-24 06:18:13-07:00,3.0,5.0,True,,dead_tape,,,3.25,16.5,,,,-57.5,-57.5
2026-04-24 06:22:06-07:00,DynamicEngine3,LONG,7170.0,7166.5,-3.5,-18.12,1,2878441177,2878428871,2026-04-24 06:20:17-07:00,3.0,5.0,True,,dead_tape,,,0.75,18.5,,,,-57.5,-57.5
2026-04-24 06:27:04-07:00,DynamicEngine3,LONG,7167.75,7162.75,-5.0,-25.62,1,2878448629,2878448628,2026-04-24 06:23:13-07:00,3.0,5.0,True,,dead_tape,,,0.0,17.0,,,,-57.5,-57.5
2026-04-24 06:29:19-07:00,DynamicEngine3,LONG,7163.0,7163.5,0.5,1.88,1,2878481571,2878481570,2026-04-24 06:27:17-07:00,3.0,5.0,True,,dead_tape,,,3.75,18.0,,,,-57.5,-57.5
2026-04-24 06:35:26-07:00,DynamicEngine3,LONG,7157.0,7152.0,-5.0,-25.62,1,2878578533,2878578532,2026-04-24 06:32:02-07:00,3.0,5.0,True,,dead_tape,,,3.25,12.25,,,,-57.5,-57.5
2026-04-24 06:39:05-07:00,DynamicEngine3,LONG,7155.75,7158.75,3.0,14.38,1,2878734881,2878734878,2026-04-24 06:38:14-07:00,3.0,5.0,True,,dead_tape,,,4.0,11.5,,,,-57.5,-57.5
2026-04-24 06:42:05-07:00,DynamicEngine3,LONG,7159.25,7157.75,-1.5,-8.12,1,2878836229,2878794252,2026-04-24 06:40:16-07:00,3.0,5.0,True,,dead_tape,,,2.0,13.5,,,,-57.5,-57.5
2026-04-24 06:57:18-07:00,DynamicEngine3,LONG,7148.75,7151.75,3.0,14.38,1,2879184981,2879184978,,,,False,,dead_tape,,,,,,,,,
2026-04-24 07:00:05-07:00,DynamicEngine3,LONG,7154.5,7151.75,-2.75,-14.37,1,2879330071,2879286652,,,,False,,dead_tape,,,,,,,,,
2026-04-24 07:33:21-07:00,DynamicEngine3,LONG,7151.5,7152.0,0.5,1.88,1,2880025410,2880025409,2026-04-24 07:32:14-07:00,3.0,5.0,True,,dead_tape,,,20.75,0.0,,,,55.0,92.5
2026-04-24 07:35:42-07:00,DynamicEngine3,LONG,7155.25,7155.0,-0.25,-1.87,1,2880055020,2880055018,,,,False,,dead_tape,,,,,,,,,
2026-04-24 07:47:18-07:00,DynamicEngine3,LONG,7167.75,7167.0,-0.75,-4.37,1,2880249078,2880249077,2026-04-24 06:23:13-07:00,3.0,5.0,True,,dead_tape,,,0.0,17.0,,,,-57.5,-57.5
2026-04-24 07:49:53-07:00,DynamicEngine3,LONG,7165.0,7168.0,3.0,14.38,1,2880313872,2880313869,2026-04-24 07:46:16-07:00,3.0,5.0,True,,dead_tape,,,9.5,2.75,,,,28.75,28.75
2026-04-24 07:52:43-07:00,DynamicEngine3,LONG,7167.5,7167.5,0.0,-0.62,1,2880331657,2880331656,2026-04-24 07:50:16-07:00,3.0,5.0,True,,dead_tape,,,7.25,2.5,,,,25.0,25.0
2026-04-24 07:57:04-07:00,DynamicEngine3,LONG,7168.25,7171.25,3.0,14.38,1,2880386718,2880386716,2026-04-24 07:54:14-07:00,3.0,5.0,True,,dead_tape,,,8.75,1.75,,,,30.0,30.0
2026-04-24 07:58:20-07:00,DynamicEngine3,LONG,7171.25,7170.5,-0.75,-4.37,1,2880427858,2880427857,,,,False,,dead_tape,,,,,,,,,
2026-04-24 08:02:20-07:00,DynamicEngine3,LONG,7170.25,7170.25,0.0,-0.62,1,2880452270,2880452269,2026-04-24 07:59:16-07:00,3.0,5.0,True,,dead_tape,,,7.25,2.25,,,,13.75,13.75
2026-04-24 08:05:04-07:00,DynamicEngine3,LONG,7171.5,7169.25,-2.25,-11.87,1,2880517692,2880498856,2026-04-24 08:03:15-07:00,3.0,5.0,True,,dead_tape,,,6.0,3.5,,,,17.5,17.5
2026-04-29 09:29:55-07:00,FibH1214_fib_382,SHORT,7152.75,7149.75,3.0,14.38,1,2902593119,2902593116,2026-04-29 09:26:04-07:00,3.0,5.0,True,0.57,dead_tape,,,0.0,0.0,,,,-7.5,-7.5
2026-04-29 09:57:04-07:00,FibH1214_fib_236,SHORT,7151.5,7148.75,2.75,13.13,1,2902802928,2902802923,2026-04-29 09:53:03-07:00,2.75,5.0,False,0.29,dead_tape,,,0.0,0.0,,,,,
2026-04-30 05:18:49-07:00,DynamicEngine3,SHORT,7203.25,7208.25,-5.0,-25.62,1,2907120143,2907120142,2026-04-30 05:16:08-07:00,3.0,5.0,True,0.35,dead_tape,,,0.0,0.0,,,,-7.5,-7.5
2026-04-30 05:32:28-07:00,DynamicEngine3,SHORT,7207.0,7204.0,4.25,20.63,1,2907133416,2907133414,2026-04-30 05:20:06-07:00,3.0,5.0,True,0.44,dead_tape,,,0.0,0.0,,,,-7.5,-7.5
